number,short_description,priority,category,subcategory,assignment_group,cmdb_ci,contact_type,opened_at,resolved_at,closed_at,close_code,close_notes,incident_state,made_sla,reopen_count,major_incident_state,impact,urgency,severity,sys_created_on
INC4000006,CRM login failure,4 - Low,Software,Configuration,App Support,Globex CRM,Self-service,2025-07-05 13:50:50,2025-07-06 10:02:50,2025-07-06 10:02:50,Known Error,Resolved: crm login failure addressed by App Support.,Closed,false,0,No,Low,4 - Low,4,2025-07-05 13:50:50
INC4000008,Cannot save customer record,4 - Low,Database,Configuration,App Support,Globex CRM,Chat,2025-08-10 00:15:28,2025-08-11 12:51:28,2025-08-11 12:51:28,Solved (Work Around),Resolved: cannot save customer record addressed by App Support.,Closed,false,0,No,Low,4 - Low,4,2025-08-10 00:15:28
INC4000015,VPN disconnects intermittently,4 - Low,Network,Error,Network Ops,VPN Gateway,Self-service,2025-11-05 18:13:41,2025-11-06 19:01:41,2025-11-06 19:01:41,Closed/Resolved by Caller,Resolved: vpn disconnects intermittently addressed by Network Ops.,Closed,true,0,No,Low,4 - Low,4,2025-11-05 18:13:41
INC4000016,Service needs restart,3 - Moderate,Access,Error,Infrastructure,Atlas Monitoring,Walk-in,2025-08-18 09:46:32,2025-08-18 13:22:32,2025-08-18 13:22:32,Not Reproducible,Resolved: service needs restart addressed by Infrastructure.,Closed,true,0,No,Moderate,3 - Moderate,3,2025-08-18 09:46:32
INC4000023,Payment timeout at checkout,4 - Low,Software,Request,App Support,Acme Payments API,Email,2025-10-30 00:16:06,2025-11-01 08:04:06,2025-11-01 08:04:06,Closed/Resolved by Caller,Resolved: payment timeout at checkout addressed by App Support.,Closed,true,0,No,Low,4 - Low,4,2025-10-30 00:16:06
INC4000024,Leave request stuck,2 - High,Email,Performance,App Support,Helios HR Portal,Walk-in,2025-08-08 08:09:17,2025-08-09 03:45:17,2025-08-09 03:45:17,Solved (Work Around),Resolved: leave request stuck addressed by App Support.,Closed,true,1,No,High,2 - High,2,2025-08-08 08:09:17
INC4000030,Data not refreshed overnight,3 - Moderate,Network,Error,Database Team,Orion Data Warehouse,Phone,2025-12-29 01:59:11,2025-12-31 00:17:11,2025-12-31 00:17:11,Solved (Permanently),Resolved: data not refreshed overnight addressed by Database Team.,Closed,true,1,No,Moderate,3 - Moderate,3,2025-12-29 01:59:11
INC4000032,CRM page very slow to load,1 - Critical,Database,Request,App Support,Globex CRM,Chat,2025-08-08 14:38:11,2025-08-11 10:32:11,2025-08-11 10:32:11,Closed/Resolved by Caller,Resolved: crm page very slow to load addressed by App Support.,Closed,true,0,No,Critical,1 - Critical,1,2025-08-08 14:38:11
INC4000036,Mailbox quota exceeded,1 - Critical,Email,Request,Cloud Ops,Mailflow Online,Email,2025-11-14 07:59:29,2025-11-15 22:59:29,2025-11-15 22:59:29,Solved (Work Around),Resolved: mailbox quota exceeded addressed by Cloud Ops.,Closed,true,1,No,Critical,1 - Critical,1,2025-11-14 07:59:29
INC4000040,Transaction declined in error,4 - Low,Email,Error,App Support,Acme Payments API,Chat,2025-12-05 13:57:50,2025-12-06 01:21:50,2025-12-06 01:21:50,Closed/Resolved by Caller,Resolved: transaction declined in error addressed by App Support.,Closed,false,0,Yes,Low,4 - Low,4,2025-12-05 13:57:50
INC4000047,Payment gateway returns 500,3 - Moderate,Database,Outage,App Support,Acme Payments API,Self-service,2025-11-02 11:48:17,2025-11-02 20:30:17,2025-11-02 20:30:17,Not Reproducible,Resolved: payment gateway returns 500 addressed by App Support.,Closed,false,0,No,Moderate,3 - Moderate,3,2025-11-02 11:48:17
INC4000054,Transaction declined in error,4 - Low,Hardware,Configuration,App Support,Acme Payments API,Self-service,2025-12-22 13:09:34,2025-12-25 04:15:34,2025-12-25 04:15:34,Not Reproducible,Resolved: transaction declined in error addressed by App Support.,Closed,true,0,No,Low,4 - Low,4,2025-12-22 13:09:34
INC4000059,VPN disconnects intermittently,3 - Moderate,Network,Request,Network Ops,VPN Gateway,Self-service,2025-10-07 16:57:09,2025-10-10 01:09:09,2025-10-10 01:09:09,Solved (Permanently),Resolved: vpn disconnects intermittently addressed by Network Ops.,Closed,true,0,No,Moderate,3 - Moderate,3,2025-10-07 16:57:09
INC4000065,Payment timeout at checkout,4 - Low,Access,Error,App Support,Acme Payments API,Walk-in,2025-08-14 01:54:28,2025-08-15 19:00:28,2025-08-15 19:00:28,Solved (Work Around),Resolved: payment timeout at checkout addressed by App Support.,Closed,true,1,Yes,Low,4 - Low,4,2025-08-14 01:54:28
INC4000070,VPN disconnects intermittently,3 - Moderate,Support,Performance,Network Ops,VPN Gateway,Email,2025-08-18 12:07:43,2025-08-21 03:01:43,2025-08-21 03:01:43,Closed/Resolved by Caller,Resolved: vpn disconnects intermittently addressed by Network Ops.,Closed,true,1,Yes,Moderate,3 - Moderate,3,2025-08-18 12:07:43
INC4000075,MFA prompt not received,4 - Low,Email,Performance,Identity & Access,Titan Auth Service,Walk-in,2025-07-23 03:27:01,2025-07-23 20:03:01,2025-07-23 20:03:01,Solved (Work Around),Resolved: mfa prompt not received addressed by Identity & Access.,Closed,true,0,No,Low,4 - Low,4,2025-07-23 03:27:01
INC4000080,Email not syncing,4 - Low,Hardware,Outage,Cloud Ops,Mailflow Online,Chat,2025-07-13 08:01:20,2025-07-13 10:43:20,2025-07-13 10:43:20,Solved (Work Around),Resolved: email not syncing addressed by Cloud Ops.,Closed,true,1,No,Low,4 - Low,4,2025-07-13 08:01:20
INC4000084,SSO redirect loop,4 - Low,Network,Request,Identity & Access,Titan Auth Service,Chat,2025-11-25 18:31:36,2025-11-26 08:37:36,2025-11-26 08:37:36,Closed/Resolved by Caller,Resolved: sso redirect loop addressed by Identity & Access.,Closed,true,0,No,Low,4 - Low,4,2025-11-25 18:31:36
INC4000086,File restore request,4 - Low,Hardware,Configuration,Cloud Ops,Nimbus File Storage,Chat,2025-11-11 06:18:50,2025-11-13 16:00:50,2025-11-13 16:00:50,Solved (Work Around),Resolved: file restore request addressed by Cloud Ops.,Closed,false,0,No,Low,4 - Low,4,2025-11-11 06:18:50
INC4000087,SSO redirect loop,3 - Moderate,Software,Configuration,Identity & Access,Titan Auth Service,Self-service,2025-08-15 17:08:59,2025-08-18 11:38:59,2025-08-18 11:38:59,Solved (Permanently),Resolved: sso redirect loop addressed by Identity & Access.,Closed,true,0,No,Moderate,3 - Moderate,3,2025-08-15 17:08:59
INC4000091,MFA prompt not received,4 - Low,Software,Request,Identity & Access,Titan Auth Service,Email,2025-09-27 02:07:34,2025-09-29 16:25:34,2025-09-29 16:25:34,Closed/Resolved by Caller,Resolved: mfa prompt not received addressed by Identity & Access.,Closed,true,1,Yes,Low,4 - Low,4,2025-09-27 02:07:34
INC4000097,SSO redirect loop,4 - Low,Email,Error,Identity & Access,Titan Auth Service,Email,2025-07-29 07:52:03,2025-07-30 05:34:03,2025-07-30 05:34:03,Solved (Permanently),Resolved: sso redirect loop addressed by Identity & Access.,Closed,true,1,Yes,Low,4 - Low,4,2025-07-29 07:52:03
INC4000098,Printer offline,4 - Low,Email,Error,Deskside Support,Vertex Print Service,Phone,2025-07-29 19:26:40,2025-08-01 16:38:40,2025-08-01 16:38:40,Closed/Resolved by Caller,Resolved: printer offline addressed by Deskside Support.,Closed,true,0,Yes,Low,4 - Low,4,2025-07-29 19:26:40
INC4000103,Service needs restart,2 - High,Email,Outage,Infrastructure,Atlas Monitoring,Email,2025-07-08 06:32:43,2025-07-08 12:56:43,2025-07-08 12:56:43,Solved (Work Around),Resolved: service needs restart addressed by Infrastructure.,Closed,true,0,No,High,2 - High,2,2025-07-08 06:32:43
INC4000110,Shared drive inaccessible,3 - Moderate,Software,Error,Cloud Ops,Nimbus File Storage,Chat,2025-07-24 22:49:02,2025-07-26 21:31:02,2025-07-26 21:31:02,Known Error,Resolved: shared drive inaccessible addressed by Cloud Ops.,Closed,true,0,Yes,Moderate,3 - Moderate,3,2025-07-24 22:49:02
INC4000112,Email not syncing,4 - Low,Network,Outage,Cloud Ops,Mailflow Online,Phone,2025-10-01 13:50:44,2025-10-01 23:50:44,2025-10-01 23:50:44,Closed/Resolved by Caller,Resolved: email not syncing addressed by Cloud Ops.,Closed,true,0,Yes,Low,4 - Low,4,2025-10-01 13:50:44
INC4000113,ETL job failed,4 - Low,Software,Configuration,Database Team,Orion Data Warehouse,Phone,2025-12-18 12:16:21,2025-12-18 20:10:21,2025-12-18 20:10:21,Not Reproducible,Resolved: etl job failed addressed by Database Team.,Closed,true,0,No,Low,4 - Low,4,2025-12-18 12:16:21
INC4000116,Cannot send external email,3 - Moderate,Support,Error,Cloud Ops,Mailflow Online,Self-service,2025-11-03 19:29:14,2025-11-06 08:59:14,2025-11-06 08:59:14,Closed/Resolved by Caller,Resolved: cannot send external email addressed by Cloud Ops.,Closed,true,0,No,Moderate,3 - Moderate,3,2025-11-03 19:29:14
INC4000122,Payslip not visible,4 - Low,Access,Configuration,App Support,Helios HR Portal,Chat,2025-11-19 02:45:20,2025-11-21 00:51:20,2025-11-21 00:51:20,Known Error,Resolved: payslip not visible addressed by App Support.,Closed,true,0,No,Low,4 - Low,4,2025-11-19 02:45:20
INC4000124,VPN very slow after login,2 - High,Access,Performance,Network Ops,VPN Gateway,Self-service,2025-10-08 20:13:57,2025-10-11 08:25:57,2025-10-11 08:25:57,Not Reproducible,Resolved: vpn very slow after login addressed by Network Ops.,Closed,true,0,No,High,2 - High,2,2025-10-08 20:13:57
INC4000131,Mailbox quota exceeded,4 - Low,Access,Configuration,Cloud Ops,Mailflow Online,Phone,2025-11-02 19:38:12,2025-11-04 19:50:12,2025-11-04 19:50:12,Solved (Work Around),Resolved: mailbox quota exceeded addressed by Cloud Ops.,Closed,true,0,No,Low,4 - Low,4,2025-11-02 19:38:12
INC4000138,Transaction declined in error,3 - Moderate,Database,Performance,App Support,Acme Payments API,Email,2025-08-02 19:45:07,2025-08-05 14:21:07,2025-08-05 14:21:07,Solved (Work Around),Resolved: transaction declined in error addressed by App Support.,Closed,true,1,No,Moderate,3 - Moderate,3,2025-08-02 19:45:07
INC4000141,Account locked out,3 - Moderate,Support,Performance,Identity & Access,Titan Auth Service,Phone,2025-08-10 16:55:43,2025-08-13 03:49:43,2025-08-13 03:49:43,Solved (Permanently),Resolved: account locked out addressed by Identity & Access.,Closed,true,1,No,Moderate,3 - Moderate,3,2025-08-10 16:55:43
INC4000147,ETL job failed,4 - Low,Email,Request,Database Team,Orion Data Warehouse,Walk-in,2025-12-06 04:14:17,2025-12-09 01:50:17,2025-12-09 01:50:17,Not Reproducible,Resolved: etl job failed addressed by Database Team.,Closed,true,0,No,Low,4 - Low,4,2025-12-06 04:14:17
INC4000152,VPN disconnects intermittently,4 - Low,Access,Outage,Network Ops,VPN Gateway,Email,2025-10-15 05:57:00,2025-10-18 04:45:00,2025-10-18 04:45:00,Closed/Resolved by Caller,Resolved: vpn disconnects intermittently addressed by Network Ops.,Closed,true,1,Yes,Low,4 - Low,4,2025-10-15 05:57:00
INC4000159,Mailbox quota exceeded,4 - Low,Email,Performance,Cloud Ops,Mailflow Online,Email,2025-08-16 14:44:28,2025-08-18 17:56:28,2025-08-18 17:56:28,Closed/Resolved by Caller,Resolved: mailbox quota exceeded addressed by Cloud Ops.,Closed,true,0,Yes,Low,4 - Low,4,2025-08-16 14:44:28
INC4000162,Leave request stuck,4 - Low,Database,Request,App Support,Helios HR Portal,Email,2025-10-30 09:35:52,2025-10-30 18:59:52,2025-10-30 18:59:52,Closed/Resolved by Caller,Resolved: leave request stuck addressed by App Support.,Closed,true,0,No,Low,4 - Low,4,2025-10-30 09:35:52
INC4000167,File restore request,1 - Critical,Email,Outage,Cloud Ops,Nimbus File Storage,Chat,2025-10-30 16:22:12,2025-10-31 19:58:12,2025-10-31 19:58:12,Known Error,Resolved: file restore request addressed by Cloud Ops.,Closed,true,0,No,Critical,1 - Critical,1,2025-10-30 16:22:12
INC4000171,Cannot send external email,2 - High,Access,Request,Cloud Ops,Mailflow Online,Phone,2025-09-17 16:04:07,2025-09-19 10:04:07,2025-09-19 10:04:07,Known Error,Resolved: cannot send external email addressed by Cloud Ops.,Closed,false,0,No,High,2 - High,2,2025-09-17 16:04:07
INC4000178,Data not refreshed overnight,4 - Low,Support,Performance,Database Team,Orion Data Warehouse,Email,2025-10-03 07:51:54,2025-10-05 05:39:54,2025-10-05 05:39:54,Solved (Work Around),Resolved: data not refreshed overnight addressed by Database Team.,Closed,true,0,No,Low,4 - Low,4,2025-10-03 07:51:54
INC4000182,Payment gateway returns 500,4 - Low,Database,Configuration,App Support,Acme Payments API,Phone,2025-08-14 19:20:54,2025-08-16 05:50:54,2025-08-16 05:50:54,Closed/Resolved by Caller,Resolved: payment gateway returns 500 addressed by App Support.,Closed,false,1,No,Low,4 - Low,4,2025-08-14 19:20:54
INC4000184,Cannot connect to VPN,4 - Low,Hardware,Configuration,Network Ops,VPN Gateway,Chat,2025-10-29 01:24:24,2025-10-29 02:18:24,2025-10-29 02:18:24,Solved (Permanently),Resolved: cannot connect to vpn addressed by Network Ops.,Closed,true,0,No,Low,4 - Low,4,2025-10-29 01:24:24
INC4000187,VPN very slow after login,3 - Moderate,Support,Request,Network Ops,VPN Gateway,Walk-in,2025-11-24 15:49:18,2025-11-26 16:01:18,2025-11-26 16:01:18,Known Error,Resolved: vpn very slow after login addressed by Network Ops.,Closed,false,1,No,Moderate,3 - Moderate,3,2025-11-24 15:49:18
INC4000194,Account locked out,2 - High,Support,Configuration,Identity & Access,Titan Auth Service,Chat,2025-09-21 08:42:22,2025-09-23 15:00:22,2025-09-23 15:00:22,Solved (Work Around),Resolved: account locked out addressed by Identity & Access.,Closed,true,1,No,High,2 - High,2,2025-09-21 08:42:22
INC4000196,Data not refreshed overnight,3 - Moderate,Hardware,Performance,Database Team,Orion Data Warehouse,Chat,2025-08-12 21:53:44,2025-08-13 22:23:44,2025-08-13 22:23:44,Solved (Work Around),Resolved: data not refreshed overnight addressed by Database Team.,Closed,true,0,No,Moderate,3 - Moderate,3,2025-08-12 21:53:44
INC4000203,File restore request,4 - Low,Access,Request,Cloud Ops,Nimbus File Storage,Walk-in,2025-08-30 13:13:51,2025-08-31 23:01:51,2025-08-31 23:01:51,Solved (Permanently),Resolved: file restore request addressed by Cloud Ops.,Closed,false,1,No,Low,4 - Low,4,2025-08-30 13:13:51
INC4000209,Leave request stuck,3 - Moderate,Database,Configuration,App Support,Helios HR Portal,Walk-in,2025-08-24 15:30:24,2025-08-25 19:54:24,2025-08-25 19:54:24,Solved (Work Around),Resolved: leave request stuck addressed by App Support.,Closed,false,0,No,Moderate,3 - Moderate,3,2025-08-24 15:30:24
INC4000216,File sync conflict,2 - High,Access,Performance,Cloud Ops,Nimbus File Storage,Chat,2025-09-27 20:56:22,2025-09-29 01:14:22,2025-09-29 01:14:22,Solved (Work Around),Resolved: file sync conflict addressed by Cloud Ops.,Closed,true,1,Yes,High,2 - High,2,2025-09-27 20:56:22
INC4000223,Server high CPU alert,3 - Moderate,Access,Performance,Infrastructure,Atlas Monitoring,Self-service,2025-10-30 07:53:41,2025-10-30 14:23:41,2025-10-30 14:23:41,Not Reproducible,Resolved: server high cpu alert addressed by Infrastructure.,Closed,false,0,No,Moderate,3 - Moderate,3,2025-10-30 07:53:41
INC4000230,Account locked out,3 - Moderate,Support,Request,Identity & Access,Titan Auth Service,Email,2025-08-29 19:30:24,2025-09-01 02:24:24,2025-09-01 02:24:24,Solved (Permanently),Resolved: account locked out addressed by Identity & Access.,Closed,false,0,Yes,Moderate,3 - Moderate,3,2025-08-29 19:30:24
INC4000237,Payment timeout at checkout,2 - High,Database,Error,App Support,Acme Payments API,Self-service,2025-12-30 23:35:42,2026-01-01 01:05:42,2026-01-01 01:05:42,Solved (Work Around),Resolved: payment timeout at checkout addressed by App Support.,Closed,true,0,Yes,High,2 - High,2,2025-12-30 23:35:42
INC4000239,VPN very slow after login,4 - Low,Access,Outage,Network Ops,VPN Gateway,Email,2025-08-13 15:41:21,2025-08-15 02:05:21,2025-08-15 02:05:21,Solved (Work Around),Resolved: vpn very slow after login addressed by Network Ops.,Closed,true,0,No,Low,4 - Low,4,2025-08-13 15:41:21
INC4000243,Cannot save customer record,2 - High,Access,Performance,App Support,Globex CRM,Self-service,2025-10-14 21:35:00,2025-10-17 16:29:00,2025-10-17 16:29:00,Known Error,Resolved: cannot save customer record addressed by App Support.,Closed,true,0,No,High,2 - High,2,2025-10-14 21:35:00
INC4000246,Server high CPU alert,2 - High,Email,Request,Infrastructure,Atlas Monitoring,Email,2025-11-25 09:52:43,2025-11-27 19:16:43,2025-11-27 19:16:43,Solved (Permanently),Resolved: server high cpu alert addressed by Infrastructure.,Closed,true,0,No,High,2 - High,2,2025-11-25 09:52:43
INC4000252,Account locked out,2 - High,Hardware,Request,Identity & Access,Titan Auth Service,Phone,2025-07-20 07:31:36,2025-07-23 04:43:36,2025-07-23 04:43:36,Known Error,Resolved: account locked out addressed by Identity & Access.,Closed,true,1,No,High,2 - High,2,2025-07-20 07:31:36
INC4000259,File restore request,4 - Low,Software,Outage,Cloud Ops,Nimbus File Storage,Chat,2025-11-29 02:37:34,2025-11-30 21:31:34,2025-11-30 21:31:34,Solved (Work Around),Resolved: file restore request addressed by Cloud Ops.,Closed,false,1,No,Low,4 - Low,4,2025-11-29 02:37:34
INC4000262,Payment timeout at checkout,3 - Moderate,Support,Outage,App Support,Acme Payments API,Email,2025-09-29 10:59:38,2025-09-30 10:41:38,2025-09-30 10:41:38,Not Reproducible,Resolved: payment timeout at checkout addressed by App Support.,Closed,true,0,Yes,Moderate,3 - Moderate,3,2025-09-29 10:59:38
INC4000269,Mailbox quota exceeded,3 - Moderate,Hardware,Request,Cloud Ops,Mailflow Online,Chat,2025-07-16 16:00:43,2025-07-18 20:00:43,2025-07-18 20:00:43,Closed/Resolved by Caller,Resolved: mailbox quota exceeded addressed by Cloud Ops.,Closed,true,0,No,Moderate,3 - Moderate,3,2025-07-16 16:00:43
INC4000272,Mailbox quota exceeded,2 - High,Access,Configuration,Cloud Ops,Mailflow Online,Walk-in,2025-09-13 00:07:47,2025-09-13 18:01:47,2025-09-13 18:01:47,Not Reproducible,Resolved: mailbox quota exceeded addressed by Cloud Ops.,Closed,false,0,No,High,2 - High,2,2025-09-13 00:07:47
INC4000274,SSO redirect loop,4 - Low,Network,Error,Identity & Access,Titan Auth Service,Walk-in,2025-08-19 13:51:53,2025-08-20 08:21:53,2025-08-20 08:21:53,Solved (Work Around),Resolved: sso redirect loop addressed by Identity & Access.,Closed,true,0,No,Low,4 - Low,4,2025-08-19 13:51:53
INC4000277,Report shows stale data,3 - Moderate,Software,Performance,Database Team,Orion Data Warehouse,Email,2025-11-10 14:22:38,2025-11-13 12:40:38,2025-11-13 12:40:38,Solved (Work Around),Resolved: report shows stale data addressed by Database Team.,Closed,true,0,No,Moderate,3 - Moderate,3,2025-11-10 14:22:38
INC4000282,Payment timeout at checkout,4 - Low,Network,Performance,App Support,Acme Payments API,Chat,2025-11-07 13:37:01,2025-11-07 23:13:01,2025-11-07 23:13:01,Solved (Permanently),Resolved: payment timeout at checkout addressed by App Support.,Closed,true,0,No,Low,4 - Low,4,2025-11-07 13:37:01
INC4000289,Account locked out,4 - Low,Access,Error,Identity & Access,Titan Auth Service,Self-service,2025-09-19 14:32:20,2025-09-20 04:14:20,2025-09-20 04:14:20,Closed/Resolved by Caller,Resolved: account locked out addressed by Identity & Access.,Closed,false,0,Yes,Low,4 - Low,4,2025-09-19 14:32:20
INC4000291,Payment timeout at checkout,4 - Low,Software,Configuration,App Support,Acme Payments API,Chat,2025-07-28 18:23:06,2025-07-31 04:53:06,2025-07-31 04:53:06,Known Error,Resolved: payment timeout at checkout addressed by App Support.,Closed,true,1,No,Low,4 - Low,4,2025-07-28 18:23:06
INC4000296,Account locked out,3 - Moderate,Email,Error,Identity & Access,Titan Auth Service,Walk-in,2025-08-24 09:58:29,2025-08-26 04:34:29,2025-08-26 04:34:29,Solved (Permanently),Resolved: account locked out addressed by Identity & Access.,Closed,true,0,No,Moderate,3 - Moderate,3,2025-08-24 09:58:29
INC4000297,CRM login failure,4 - Low,Access,Request,App Support,Globex CRM,Walk-in,2025-07-29 17:47:41,2025-07-30 06:41:41,2025-07-30 06:41:41,Closed/Resolved by Caller,Resolved: crm login failure addressed by App Support.,Closed,true,0,No,Low,4 - Low,4,2025-07-29 17:47:41
INC4000303,Data not refreshed overnight,3 - Moderate,Hardware,Outage,Database Team,Orion Data Warehouse,Walk-in,2025-11-07 08:57:00,2025-11-09 11:45:00,2025-11-09 11:45:00,Solved (Work Around),Resolved: data not refreshed overnight addressed by Database Team.,Closed,false,0,Yes,Moderate,3 - Moderate,3,2025-11-07 08:57:00
INC4000304,Email not syncing,4 - Low,Hardware,Outage,Cloud Ops,Mailflow Online,Walk-in,2025-10-27 12:24:42,2025-10-30 05:54:42,2025-10-30 05:54:42,Known Error,Resolved: email not syncing addressed by Cloud Ops.,Closed,true,1,No,Low,4 - Low,4,2025-10-27 12:24:42
INC4000309,SSO redirect loop,4 - Low,Access,Request,Identity & Access,Titan Auth Service,Self-service,2025-11-04 00:40:25,2025-11-06 03:10:25,2025-11-06 03:10:25,Known Error,Resolved: sso redirect loop addressed by Identity & Access.,Closed,true,1,No,Low,4 - Low,4,2025-11-04 00:40:25
INC4000314,Service needs restart,2 - High,Software,Outage,Infrastructure,Atlas Monitoring,Walk-in,2025-08-15 19:36:56,2025-08-16 02:36:56,2025-08-16 02:36:56,Solved (Permanently),Resolved: service needs restart addressed by Infrastructure.,Closed,true,1,Yes,High,2 - High,2,2025-08-15 19:36:56
INC4000320,Account locked out,2 - High,Support,Request,Identity & Access,Titan Auth Service,Self-service,2025-12-15 15:23:30,2025-12-16 04:53:30,2025-12-16 04:53:30,Closed/Resolved by Caller,Resolved: account locked out addressed by Identity & Access.,Closed,true,1,No,High,2 - High,2,2025-12-15 15:23:30
INC4000326,HR portal error on submit,4 - Low,Access,Outage,App Support,Helios HR Portal,Chat,2025-10-31 15:13:34,2025-11-03 05:01:34,2025-11-03 05:01:34,Known Error,Resolved: hr portal error on submit addressed by App Support.,Closed,true,1,No,Low,4 - Low,4,2025-10-31 15:13:34
INC4000333,Leave request stuck,3 - Moderate,Software,Configuration,App Support,Helios HR Portal,Chat,2025-08-16 04:32:08,2025-08-16 13:20:08,2025-08-16 13:20:08,Closed/Resolved by Caller,Resolved: leave request stuck addressed by App Support.,Closed,true,0,Yes,Moderate,3 - Moderate,3,2025-08-16 04:32:08
INC4000335,Payslip not visible,3 - Moderate,Network,Configuration,App Support,Helios HR Portal,Phone,2025-10-22 22:36:28,2025-10-24 10:42:28,2025-10-24 10:42:28,Not Reproducible,Resolved: payslip not visible addressed by App Support.,Closed,false,1,No,Moderate,3 - Moderate,3,2025-10-22 22:36:28
INC4000337,Transaction declined in error,4 - Low,Network,Configuration,App Support,Acme Payments API,Self-service,2025-12-26 02:03:38,2025-12-27 22:03:38,2025-12-27 22:03:38,Known Error,Resolved: transaction declined in error addressed by App Support.,Closed,false,0,No,Low,4 - Low,4,2025-12-26 02:03:38
INC4000343,CRM page very slow to load,4 - Low,Network,Configuration,App Support,Globex CRM,Email,2025-09-23 10:40:44,2025-09-23 19:34:44,2025-09-23 19:34:44,Closed/Resolved by Caller,Resolved: crm page very slow to load addressed by App Support.,Closed,false,1,No,Low,4 - Low,4,2025-09-23 10:40:44
INC4000349,SSO redirect loop,2 - High,Hardware,Error,Identity & Access,Titan Auth Service,Email,2025-10-09 21:09:22,2025-10-11 01:03:22,2025-10-11 01:03:22,Closed/Resolved by Caller,Resolved: sso redirect loop addressed by Identity & Access.,Closed,true,0,No,High,2 - High,2,2025-10-09 21:09:22
INC4000353,Report shows stale data,2 - High,Support,Performance,Database Team,Orion Data Warehouse,Chat,2025-11-10 20:48:57,2025-11-13 09:12:57,2025-11-13 09:12:57,Known Error,Resolved: report shows stale data addressed by Database Team.,Closed,false,0,No,High,2 - High,2,2025-11-10 20:48:57
INC4000359,Printer offline,4 - Low,Hardware,Configuration,Deskside Support,Vertex Print Service,Chat,2025-11-17 14:32:12,2025-11-18 18:02:12,2025-11-18 18:02:12,Solved (Work Around),Resolved: printer offline addressed by Deskside Support.,Closed,false,0,No,Low,4 - Low,4,2025-11-17 14:32:12
INC4000366,SSO redirect loop,3 - Moderate,Support,Performance,Identity & Access,Titan Auth Service,Chat,2025-11-07 01:21:39,2025-11-09 11:51:39,2025-11-09 11:51:39,Solved (Permanently),Resolved: sso redirect loop addressed by Identity & Access.,Closed,true,0,No,Moderate,3 - Moderate,3,2025-11-07 01:21:39
INC4000368,SSO redirect loop,4 - Low,Access,Performance,Identity & Access,Titan Auth Service,Self-service,2025-07-19 05:56:01,2025-07-21 23:32:01,2025-07-21 23:32:01,Closed/Resolved by Caller,Resolved: sso redirect loop addressed by Identity & Access.,Closed,true,0,Yes,Low,4 - Low,4,2025-07-19 05:56:01
INC4000372,File sync conflict,2 - High,Network,Request,Cloud Ops,Nimbus File Storage,Walk-in,2025-10-27 22:04:57,2025-10-30 11:28:57,2025-10-30 11:28:57,Solved (Permanently),Resolved: file sync conflict addressed by Cloud Ops.,Closed,true,0,No,High,2 - High,2,2025-10-27 22:04:57
INC4000378,Mailbox quota exceeded,4 - Low,Support,Error,Cloud Ops,Mailflow Online,Chat,2025-11-14 15:47:52,2025-11-15 23:17:52,2025-11-15 23:17:52,Solved (Work Around),Resolved: mailbox quota exceeded addressed by Cloud Ops.,Closed,true,0,No,Low,4 - Low,4,2025-11-14 15:47:52
INC4000380,HR portal error on submit,4 - Low,Hardware,Configuration,App Support,Helios HR Portal,Chat,2025-11-23 16:39:43,2025-11-24 14:09:43,2025-11-24 14:09:43,Known Error,Resolved: hr portal error on submit addressed by App Support.,Closed,true,0,No,Low,4 - Low,4,2025-11-23 16:39:43
INC4000384,CRM login failure,2 - High,Email,Performance,App Support,Globex CRM,Phone,2025-10-20 12:53:16,2025-10-21 16:47:16,2025-10-21 16:47:16,Closed/Resolved by Caller,Resolved: crm login failure addressed by App Support.,Closed,true,1,No,High,2 - High,2,2025-10-20 12:53:16
INC4000389,Transaction declined in error,4 - Low,Hardware,Error,App Support,Acme Payments API,Chat,2025-12-12 12:00:22,2025-12-13 21:48:22,2025-12-13 21:48:22,Not Reproducible,Resolved: transaction declined in error addressed by App Support.,Closed,true,1,No,Low,4 - Low,4,2025-12-12 12:00:22
INC4000390,Account locked out,3 - Moderate,Hardware,Request,Identity & Access,Titan Auth Service,Walk-in,2025-12-02 16:34:29,2025-12-03 07:16:29,2025-12-03 07:16:29,Not Reproducible,Resolved: account locked out addressed by Identity & Access.,Closed,true,0,No,Moderate,3 - Moderate,3,2025-12-02 16:34:29
INC4000391,File sync conflict,2 - High,Email,Request,Cloud Ops,Nimbus File Storage,Email,2025-08-20 05:31:04,2025-08-21 22:31:04,2025-08-21 22:31:04,Solved (Work Around),Resolved: file sync conflict addressed by Cloud Ops.,Closed,true,0,No,High,2 - High,2,2025-08-20 05:31:04
INC4000398,Service needs restart,2 - High,Hardware,Error,Infrastructure,Atlas Monitoring,Self-service,2025-08-15 20:45:10,2025-08-18 03:15:10,2025-08-18 03:15:10,Not Reproducible,Resolved: service needs restart addressed by Infrastructure.,Closed,false,0,Yes,High,2 - High,2,2025-08-15 20:45:10
INC4000404,HR portal error on submit,4 - Low,Access,Performance,App Support,Helios HR Portal,Phone,2025-11-12 00:31:26,2025-11-12 07:25:26,2025-11-12 07:25:26,Solved (Work Around),Resolved: hr portal error on submit addressed by App Support.,Closed,true,0,No,Low,4 - Low,4,2025-11-12 00:31:26
INC4000411,Report shows stale data,4 - Low,Network,Error,Database Team,Orion Data Warehouse,Chat,2025-12-15 06:30:10,2025-12-18 02:30:10,2025-12-18 02:30:10,Solved (Permanently),Resolved: report shows stale data addressed by Database Team.,Closed,true,0,No,Low,4 - Low,4,2025-12-15 06:30:10
INC4000416,Print job stuck in queue,4 - Low,Software,Request,Deskside Support,Vertex Print Service,Email,2025-09-05 22:29:02,2025-09-08 07:29:02,2025-09-08 07:29:02,Not Reproducible,Resolved: print job stuck in queue addressed by Deskside Support.,Closed,false,0,No,Low,4 - Low,4,2025-09-05 22:29:02
INC4000421,Cannot send external email,3 - Moderate,Hardware,Error,Cloud Ops,Mailflow Online,Chat,2025-09-25 06:43:35,2025-09-27 03:31:35,2025-09-27 03:31:35,Not Reproducible,Resolved: cannot send external email addressed by Cloud Ops.,Closed,false,0,No,Moderate,3 - Moderate,3,2025-09-25 06:43:35
INC4000422,Payment timeout at checkout,3 - Moderate,Hardware,Configuration,App Support,Acme Payments API,Phone,2025-12-21 03:58:50,2025-12-22 02:16:50,2025-12-22 02:16:50,Closed/Resolved by Caller,Resolved: payment timeout at checkout addressed by App Support.,Closed,false,0,Yes,Moderate,3 - Moderate,3,2025-12-21 03:58:50
INC4000423,File sync conflict,3 - Moderate,Support,Request,Cloud Ops,Nimbus File Storage,Walk-in,2025-10-16 11:35:55,2025-10-18 16:05:55,2025-10-18 16:05:55,Closed/Resolved by Caller,Resolved: file sync conflict addressed by Cloud Ops.,Closed,true,0,No,Moderate,3 - Moderate,3,2025-10-16 11:35:55
INC4000429,Email not syncing,4 - Low,Network,Configuration,Cloud Ops,Mailflow Online,Email,2025-09-20 03:20:18,2025-09-22 23:50:18,2025-09-22 23:50:18,Solved (Permanently),Resolved: email not syncing addressed by Cloud Ops.,Closed,false,0,No,Low,4 - Low,4,2025-09-20 03:20:18
INC4000431,Cannot save customer record,4 - Low,Database,Configuration,App Support,Globex CRM,Self-service,2025-12-21 16:03:19,2025-12-24 03:27:19,2025-12-24 03:27:19,Solved (Permanently),Resolved: cannot save customer record addressed by App Support.,Closed,true,0,No,Low,4 - Low,4,2025-12-21 16:03:19
INC4000436,Server high CPU alert,3 - Moderate,Hardware,Performance,Infrastructure,Atlas Monitoring,Email,2025-08-07 13:15:46,2025-08-10 01:03:46,2025-08-10 01:03:46,Solved (Work Around),Resolved: server high cpu alert addressed by Infrastructure.,Closed,true,0,No,Moderate,3 - Moderate,3,2025-08-07 13:15:46
INC4000443,VPN very slow after login,4 - Low,Software,Performance,Network Ops,VPN Gateway,Self-service,2025-10-07 20:37:34,2025-10-10 06:13:34,2025-10-10 06:13:34,Not Reproducible,Resolved: vpn very slow after login addressed by Network Ops.,Closed,true,0,No,Low,4 - Low,4,2025-10-07 20:37:34
INC4000444,VPN very slow after login,3 - Moderate,Database,Error,Network Ops,VPN Gateway,Chat,2025-08-18 13:29:38,2025-08-18 23:05:38,2025-08-18 23:05:38,Closed/Resolved by Caller,Resolved: vpn very slow after login addressed by Network Ops.,Closed,true,0,No,Moderate,3 - Moderate,3,2025-08-18 13:29:38
INC4000449,Cannot scan to email,1 - Critical,Network,Request,Deskside Support,Vertex Print Service,Self-service,2025-08-10 13:02:47,2025-08-12 09:32:47,2025-08-12 09:32:47,Solved (Permanently),Resolved: cannot scan to email addressed by Deskside Support.,Closed,false,1,No,Critical,1 - Critical,1,2025-08-10 13:02:47
INC4000452,CRM login failure,4 - Low,Email,Performance,App Support,Globex CRM,Self-service,2025-09-28 17:15:38,2025-10-01 10:45:38,2025-10-01 10:45:38,Solved (Work Around),Resolved: crm login failure addressed by App Support.,Closed,true,0,No,Low,4 - Low,4,2025-09-28 17:15:38
INC4000453,Disk space low on host,2 - High,Support,Error,Infrastructure,Atlas Monitoring,Walk-in,2025-10-06 02:12:20,2025-10-07 11:06:20,2025-10-07 11:06:20,Solved (Work Around),Resolved: disk space low on host addressed by Infrastructure.,Closed,false,1,No,High,2 - High,2,2025-10-06 02:12:20
INC4000454,File sync conflict,3 - Moderate,Network,Request,Cloud Ops,Nimbus File Storage,Email,2025-09-01 00:35:15,2025-09-02 09:29:15,2025-09-02 09:29:15,Not Reproducible,Resolved: file sync conflict addressed by Cloud Ops.,Closed,true,0,No,Moderate,3 - Moderate,3,2025-09-01 00:35:15
INC4000460,CRM login failure,3 - Moderate,Database,Outage,App Support,Globex CRM,Phone,2025-07-17 16:39:33,2025-07-17 23:15:33,2025-07-17 23:15:33,Known Error,Resolved: crm login failure addressed by App Support.,Closed,true,0,No,Moderate,3 - Moderate,3,2025-07-17 16:39:33
INC4000461,File sync conflict,3 - Moderate,Network,Configuration,Cloud Ops,Nimbus File Storage,Email,2025-09-03 17:00:09,2025-09-05 17:06:09,2025-09-05 17:06:09,Not Reproducible,Resolved: file sync conflict addressed by Cloud Ops.,Closed,true,0,No,Moderate,3 - Moderate,3,2025-09-03 17:00:09
INC4000462,Account locked out,3 - Moderate,Support,Outage,Identity & Access,Titan Auth Service,Walk-in,2025-08-11 00:53:00,2025-08-11 09:05:00,2025-08-11 09:05:00,Solved (Work Around),Resolved: account locked out addressed by Identity & Access.,Closed,false,0,Yes,Moderate,3 - Moderate,3,2025-08-11 00:53:00
INC4000465,ETL job failed,4 - Low,Software,Performance,Database Team,Orion Data Warehouse,Phone,2025-07-06 07:09:44,2025-07-07 03:09:44,2025-07-07 03:09:44,Known Error,Resolved: etl job failed addressed by Database Team.,Closed,false,0,No,Low,4 - Low,4,2025-07-06 07:09:44
INC4000469,Payment gateway returns 500,3 - Moderate,Network,Performance,App Support,Acme Payments API,Email,2025-07-17 18:59:59,2025-07-19 09:23:59,2025-07-19 09:23:59,Not Reproducible,Resolved: payment gateway returns 500 addressed by App Support.,Closed,true,0,No,Moderate,3 - Moderate,3,2025-07-17 18:59:59
INC4000472,VPN disconnects intermittently,2 - High,Access,Request,Network Ops,VPN Gateway,Chat,2025-07-29 19:20:39,2025-07-31 16:02:39,2025-07-31 16:02:39,Known Error,Resolved: vpn disconnects intermittently addressed by Network Ops.,Closed,false,1,No,High,2 - High,2,2025-07-29 19:20:39
INC4000475,Email not syncing,3 - Moderate,Database,Configuration,Cloud Ops,Mailflow Online,Chat,2025-11-16 03:42:37,2025-11-16 12:18:37,2025-11-16 12:18:37,Known Error,Resolved: email not syncing addressed by Cloud Ops.,Closed,true,0,No,Moderate,3 - Moderate,3,2025-11-16 03:42:37
INC4000477,Shared drive inaccessible,4 - Low,Support,Performance,Cloud Ops,Nimbus File Storage,Email,2025-12-28 03:41:07,2025-12-28 08:05:07,2025-12-28 08:05:07,Not Reproducible,Resolved: shared drive inaccessible addressed by Cloud Ops.,Closed,true,0,No,Low,4 - Low,4,2025-12-28 03:41:07
INC4000483,SSO redirect loop,3 - Moderate,Hardware,Configuration,Identity & Access,Titan Auth Service,Walk-in,2025-11-14 16:53:09,2025-11-15 05:59:09,2025-11-15 05:59:09,Not Reproducible,Resolved: sso redirect loop addressed by Identity & Access.,Closed,true,1,No,Moderate,3 - Moderate,3,2025-11-14 16:53:09
INC4000487,File sync conflict,4 - Low,Email,Request,Cloud Ops,Nimbus File Storage,Chat,2025-07-04 10:18:46,2025-07-07 04:42:46,2025-07-07 04:42:46,Not Reproducible,Resolved: file sync conflict addressed by Cloud Ops.,Closed,true,1,No,Low,4 - Low,4,2025-07-04 10:18:46
INC4000490,Leave request stuck,3 - Moderate,Software,Request,App Support,Helios HR Portal,Self-service,2025-08-01 10:52:01,2025-08-04 07:10:01,2025-08-04 07:10:01,Solved (Work Around),Resolved: leave request stuck addressed by App Support.,Closed,false,1,Yes,Moderate,3 - Moderate,3,2025-08-01 10:52:01
INC4000493,CRM login failure,4 - Low,Support,Performance,App Support,Globex CRM,Self-service,2025-09-11 10:12:26,2025-09-12 08:54:26,2025-09-12 08:54:26,Known Error,Resolved: crm login failure addressed by App Support.,Closed,true,0,No,Low,4 - Low,4,2025-09-11 10:12:26
INC4000494,Payslip not visible,4 - Low,Hardware,Outage,App Support,Helios HR Portal,Phone,2025-11-11 02:38:56,2025-11-13 13:44:56,2025-11-13 13:44:56,Solved (Work Around),Resolved: payslip not visible addressed by App Support.,Closed,true,0,No,Low,4 - Low,4,2025-11-11 02:38:56
INC4000500,Account locked out,2 - High,Email,Configuration,Identity & Access,Titan Auth Service,Email,2025-09-23 21:40:54,2025-09-25 14:28:54,2025-09-25 14:28:54,Not Reproducible,Resolved: account locked out addressed by Identity & Access.,Closed,true,1,No,High,2 - High,2,2025-09-23 21:40:54
INC4000501,SSO redirect loop,4 - Low,Network,Configuration,Identity & Access,Titan Auth Service,Self-service,2025-09-19 22:10:40,2025-09-20 20:22:40,2025-09-20 20:22:40,Not Reproducible,Resolved: sso redirect loop addressed by Identity & Access.,Closed,false,1,No,Low,4 - Low,4,2025-09-19 22:10:40
INC4000506,Payment timeout at checkout,2 - High,Email,Configuration,App Support,Acme Payments API,Chat,2025-09-06 11:29:43,2025-09-07 08:29:43,2025-09-07 08:29:43,Closed/Resolved by Caller,Resolved: payment timeout at checkout addressed by App Support.,Closed,true,1,Yes,High,2 - High,2,2025-09-06 11:29:43
INC4000510,Email not syncing,4 - Low,Software,Outage,Cloud Ops,Mailflow Online,Self-service,2025-08-28 20:08:43,2025-08-30 06:38:43,2025-08-30 06:38:43,Known Error,Resolved: email not syncing addressed by Cloud Ops.,Closed,true,0,No,Low,4 - Low,4,2025-08-28 20:08:43
INC4000513,MFA prompt not received,2 - High,Network,Outage,Identity & Access,Titan Auth Service,Chat,2025-12-29 08:24:38,2025-12-30 22:24:38,2025-12-30 22:24:38,Closed/Resolved by Caller,Resolved: mfa prompt not received addressed by Identity & Access.,Closed,true,0,No,High,2 - High,2,2025-12-29 08:24:38
INC4000516,CRM page very slow to load,3 - Moderate,Database,Configuration,App Support,Globex CRM,Phone,2025-08-30 08:00:06,2025-09-01 00:24:06,2025-09-01 00:24:06,Not Reproducible,Resolved: crm page very slow to load addressed by App Support.,Closed,true,0,No,Moderate,3 - Moderate,3,2025-08-30 08:00:06
INC4000521,Data not refreshed overnight,3 - Moderate,Database,Error,Database Team,Orion Data Warehouse,Email,2025-12-25 02:07:23,2025-12-27 04:31:23,2025-12-27 04:31:23,Known Error,Resolved: data not refreshed overnight addressed by Database Team.,Closed,false,0,No,Moderate,3 - Moderate,3,2025-12-25 02:07:23
INC4000522,Print job stuck in queue,3 - Moderate,Network,Outage,Deskside Support,Vertex Print Service,Phone,2025-07-18 02:26:43,2025-07-20 02:50:43,2025-07-20 02:50:43,Solved (Work Around),Resolved: print job stuck in queue addressed by Deskside Support.,Closed,true,1,No,Moderate,3 - Moderate,3,2025-07-18 02:26:43
INC4000527,Email not syncing,4 - Low,Support,Configuration,Cloud Ops,Mailflow Online,Walk-in,2025-12-30 23:53:50,2025-12-31 11:29:50,2025-12-31 11:29:50,Solved (Permanently),Resolved: email not syncing addressed by Cloud Ops.,Closed,true,0,Yes,Low,4 - Low,4,2025-12-30 23:53:50
INC4000534,File sync conflict,1 - Critical,Hardware,Request,Cloud Ops,Nimbus File Storage,Self-service,2025-07-29 05:28:41,2025-07-29 18:52:41,2025-07-29 18:52:41,Closed/Resolved by Caller,Resolved: file sync conflict addressed by Cloud Ops.,Closed,true,0,No,Critical,1 - Critical,1,2025-07-29 05:28:41
INC4000539,Server high CPU alert,3 - Moderate,Hardware,Outage,Infrastructure,Atlas Monitoring,Chat,2025-08-22 03:24:12,2025-08-24 09:24:12,2025-08-24 09:24:12,Solved (Work Around),Resolved: server high cpu alert addressed by Infrastructure.,Closed,true,1,No,Moderate,3 - Moderate,3,2025-08-22 03:24:12
INC4000546,Data not refreshed overnight,3 - Moderate,Hardware,Configuration,Database Team,Orion Data Warehouse,Phone,2025-11-20 09:31:14,2025-11-21 22:01:14,2025-11-21 22:01:14,Not Reproducible,Resolved: data not refreshed overnight addressed by Database Team.,Closed,true,1,No,Moderate,3 - Moderate,3,2025-11-20 09:31:14
INC4000549,Printer offline,3 - Moderate,Software,Performance,Deskside Support,Vertex Print Service,Email,2025-12-18 23:25:02,2025-12-21 02:49:02,2025-12-21 02:49:02,Closed/Resolved by Caller,Resolved: printer offline addressed by Deskside Support.,Closed,true,1,No,Moderate,3 - Moderate,3,2025-12-18 23:25:02
INC4000550,Cannot send external email,4 - Low,Access,Configuration,Cloud Ops,Mailflow Online,Email,2025-11-27 10:57:38,2025-11-30 02:45:38,2025-11-30 02:45:38,Solved (Work Around),Resolved: cannot send external email addressed by Cloud Ops.,Closed,false,0,No,Low,4 - Low,4,2025-11-27 10:57:38
INC4000553,Mailbox quota exceeded,1 - Critical,Support,Performance,Cloud Ops,Mailflow Online,Phone,2025-07-06 03:47:58,2025-07-08 22:53:58,2025-07-08 22:53:58,Solved (Permanently),Resolved: mailbox quota exceeded addressed by Cloud Ops.,Closed,true,1,No,Critical,1 - Critical,1,2025-07-06 03:47:58
INC4000556,MFA prompt not received,4 - Low,Hardware,Performance,Identity & Access,Titan Auth Service,Walk-in,2025-09-21 02:15:27,2025-09-21 03:09:27,2025-09-21 03:09:27,Known Error,Resolved: mfa prompt not received addressed by Identity & Access.,Closed,false,0,No,Low,4 - Low,4,2025-09-21 02:15:27
INC4000563,Mailbox quota exceeded,3 - Moderate,Email,Request,Cloud Ops,Mailflow Online,Self-service,2025-08-25 02:39:21,2025-08-25 06:33:21,2025-08-25 06:33:21,Solved (Permanently),Resolved: mailbox quota exceeded addressed by Cloud Ops.,Closed,false,0,Yes,Moderate,3 - Moderate,3,2025-08-25 02:39:21
INC4000568,Server high CPU alert,3 - Moderate,Network,Performance,Infrastructure,Atlas Monitoring,Walk-in,2025-08-14 06:35:32,2025-08-14 17:23:32,2025-08-14 17:23:32,Closed/Resolved by Caller,Resolved: server high cpu alert addressed by Infrastructure.,Closed,true,0,Yes,Moderate,3 - Moderate,3,2025-08-14 06:35:32
INC4000573,Leave request stuck,3 - Moderate,Software,Request,App Support,Helios HR Portal,Chat,2025-07-13 09:14:51,2025-07-14 23:20:51,2025-07-14 23:20:51,Solved (Permanently),Resolved: leave request stuck addressed by App Support.,Closed,false,0,No,Moderate,3 - Moderate,3,2025-07-13 09:14:51
INC4000579,Transaction declined in error,4 - Low,Database,Error,App Support,Acme Payments API,Walk-in,2025-09-04 08:21:22,2025-09-04 13:39:22,2025-09-04 13:39:22,Not Reproducible,Resolved: transaction declined in error addressed by App Support.,Closed,true,0,No,Low,4 - Low,4,2025-09-04 08:21:22
INC4000585,Print job stuck in queue,2 - High,Access,Performance,Deskside Support,Vertex Print Service,Phone,2025-08-31 22:53:58,2025-09-02 21:23:58,2025-09-02 21:23:58,Solved (Permanently),Resolved: print job stuck in queue addressed by Deskside Support.,Closed,false,0,No,High,2 - High,2,2025-08-31 22:53:58
INC4000588,Cannot send external email,4 - Low,Email,Request,Cloud Ops,Mailflow Online,Walk-in,2025-07-09 00:23:49,2025-07-09 15:11:49,2025-07-09 15:11:49,Closed/Resolved by Caller,Resolved: cannot send external email addressed by Cloud Ops.,Closed,true,0,No,Low,4 - Low,4,2025-07-09 00:23:49
INC4000591,ETL job failed,2 - High,Software,Outage,Database Team,Orion Data Warehouse,Chat,2025-09-04 07:49:50,2025-09-06 16:07:50,2025-09-06 16:07:50,Closed/Resolved by Caller,Resolved: etl job failed addressed by Database Team.,Closed,false,1,No,High,2 - High,2,2025-09-04 07:49:50
INC4000598,Cannot connect to VPN,3 - Moderate,Software,Request,Network Ops,VPN Gateway,Self-service,2025-09-29 19:19:28,2025-10-01 07:25:28,2025-10-01 07:25:28,Closed/Resolved by Caller,Resolved: cannot connect to vpn addressed by Network Ops.,Closed,true,0,No,Moderate,3 - Moderate,3,2025-09-29 19:19:28
INC4000603,CRM page very slow to load,4 - Low,Database,Request,App Support,Globex CRM,Phone,2025-07-15 15:39:45,2025-07-17 15:27:45,2025-07-17 15:27:45,Closed/Resolved by Caller,Resolved: crm page very slow to load addressed by App Support.,Closed,true,1,No,Low,4 - Low,4,2025-07-15 15:39:45
INC4000604,Payslip not visible,2 - High,Database,Request,App Support,Helios HR Portal,Email,2025-10-21 12:25:39,2025-10-22 20:01:39,2025-10-22 20:01:39,Known Error,Resolved: payslip not visible addressed by App Support.,Closed,true,0,No,High,2 - High,2,2025-10-21 12:25:39
INC4000606,Server high CPU alert,4 - Low,Support,Outage,Infrastructure,Atlas Monitoring,Email,2025-11-02 02:09:58,2025-11-03 09:57:58,2025-11-03 09:57:58,Closed/Resolved by Caller,Resolved: server high cpu alert addressed by Infrastructure.,Closed,true,0,No,Low,4 - Low,4,2025-11-02 02:09:58
INC4000611,Payslip not visible,2 - High,Network,Request,App Support,Helios HR Portal,Email,2025-09-07 01:52:57,2025-09-09 08:58:57,2025-09-09 08:58:57,Not Reproducible,Resolved: payslip not visible addressed by App Support.,Closed,true,0,No,High,2 - High,2,2025-09-07 01:52:57
INC4000614,VPN disconnects intermittently,3 - Moderate,Support,Outage,Network Ops,VPN Gateway,Chat,2025-09-30 07:48:03,2025-10-01 12:00:03,2025-10-01 12:00:03,Solved (Work Around),Resolved: vpn disconnects intermittently addressed by Network Ops.,Closed,true,1,No,Moderate,3 - Moderate,3,2025-09-30 07:48:03
INC4000618,Cannot save customer record,4 - Low,Software,Outage,App Support,Globex CRM,Email,2025-07-25 20:07:09,2025-07-26 01:55:09,2025-07-26 01:55:09,Solved (Permanently),Resolved: cannot save customer record addressed by App Support.,Closed,true,0,No,Low,4 - Low,4,2025-07-25 20:07:09
INC4000625,VPN disconnects intermittently,4 - Low,Hardware,Performance,Network Ops,VPN Gateway,Chat,2025-11-23 05:54:52,2025-11-24 18:48:52,2025-11-24 18:48:52,Solved (Permanently),Resolved: vpn disconnects intermittently addressed by Network Ops.,Closed,true,0,No,Low,4 - Low,4,2025-11-23 05:54:52
INC4000629,Print job stuck in queue,4 - Low,Database,Request,Deskside Support,Vertex Print Service,Walk-in,2025-07-24 17:57:18,2025-07-27 09:39:18,2025-07-27 09:39:18,Closed/Resolved by Caller,Resolved: print job stuck in queue addressed by Deskside Support.,Closed,false,0,No,Low,4 - Low,4,2025-07-24 17:57:18
INC4000632,Leave request stuck,2 - High,Hardware,Configuration,App Support,Helios HR Portal,Walk-in,2025-10-26 13:09:03,2025-10-27 21:51:03,2025-10-27 21:51:03,Solved (Work Around),Resolved: leave request stuck addressed by App Support.,Closed,true,1,Yes,High,2 - High,2,2025-10-26 13:09:03
INC4000634,Payment timeout at checkout,4 - Low,Network,Performance,App Support,Acme Payments API,Email,2025-11-30 03:28:06,2025-12-01 16:58:06,2025-12-01 16:58:06,Known Error,Resolved: payment timeout at checkout addressed by App Support.,Closed,true,0,No,Low,4 - Low,4,2025-11-30 03:28:06
INC4000637,Mailbox quota exceeded,4 - Low,Email,Configuration,Cloud Ops,Mailflow Online,Self-service,2025-10-25 05:10:14,2025-10-26 21:04:14,2025-10-26 21:04:14,Known Error,Resolved: mailbox quota exceeded addressed by Cloud Ops.,Closed,true,0,No,Low,4 - Low,4,2025-10-25 05:10:14
INC4000644,Server high CPU alert,2 - High,Support,Error,Infrastructure,Atlas Monitoring,Self-service,2025-11-09 21:01:08,2025-11-11 16:49:08,2025-11-11 16:49:08,Solved (Permanently),Resolved: server high cpu alert addressed by Infrastructure.,Closed,true,0,Yes,High,2 - High,2,2025-11-09 21:01:08
INC4000647,File sync conflict,2 - High,Database,Outage,Cloud Ops,Nimbus File Storage,Chat,2025-10-22 02:43:55,2025-10-22 05:25:55,2025-10-22 05:25:55,Solved (Work Around),Resolved: file sync conflict addressed by Cloud Ops.,Closed,false,0,No,High,2 - High,2,2025-10-22 02:43:55
INC4000651,CRM page very slow to load,3 - Moderate,Hardware,Outage,App Support,Globex CRM,Walk-in,2025-11-04 00:23:26,2025-11-04 12:11:26,2025-11-04 12:11:26,Solved (Work Around),Resolved: crm page very slow to load addressed by App Support.,Closed,true,0,No,Moderate,3 - Moderate,3,2025-11-04 00:23:26
INC4000654,File restore request,3 - Moderate,Hardware,Request,Cloud Ops,Nimbus File Storage,Self-service,2025-07-24 22:19:29,2025-07-26 01:19:29,2025-07-26 01:19:29,Not Reproducible,Resolved: file restore request addressed by Cloud Ops.,Closed,false,0,No,Moderate,3 - Moderate,3,2025-07-24 22:19:29
INC4000656,CRM page very slow to load,2 - High,Support,Performance,App Support,Globex CRM,Email,2025-07-10 06:15:30,2025-07-13 02:21:30,2025-07-13 02:21:30,Known Error,Resolved: crm page very slow to load addressed by App Support.,Closed,true,0,No,High,2 - High,2,2025-07-10 06:15:30
INC4000657,Account locked out,4 - Low,Software,Request,Identity & Access,Titan Auth Service,Walk-in,2025-12-30 06:17:51,2025-12-31 16:11:51,2025-12-31 16:11:51,Closed/Resolved by Caller,Resolved: account locked out addressed by Identity & Access.,Closed,true,0,Yes,Low,4 - Low,4,2025-12-30 06:17:51
INC4000663,Leave request stuck,2 - High,Access,Outage,App Support,Helios HR Portal,Walk-in,2025-07-09 21:42:23,2025-07-10 18:18:23,2025-07-10 18:18:23,Solved (Permanently),Resolved: leave request stuck addressed by App Support.,Closed,true,1,No,High,2 - High,2,2025-07-09 21:42:23
INC4000667,Data not refreshed overnight,4 - Low,Software,Configuration,Database Team,Orion Data Warehouse,Walk-in,2025-11-11 03:12:55,2025-11-13 10:18:55,2025-11-13 10:18:55,Solved (Work Around),Resolved: data not refreshed overnight addressed by Database Team.,Closed,true,0,No,Low,4 - Low,4,2025-11-11 03:12:55
INC4000673,File sync conflict,4 - Low,Email,Error,Cloud Ops,Nimbus File Storage,Phone,2025-10-01 06:41:25,2025-10-03 13:53:25,2025-10-03 13:53:25,Solved (Permanently),Resolved: file sync conflict addressed by Cloud Ops.,Closed,false,0,No,Low,4 - Low,4,2025-10-01 06:41:25
INC4000678,Cannot scan to email,4 - Low,Access,Configuration,Deskside Support,Vertex Print Service,Self-service,2025-12-19 19:51:43,2025-12-22 02:21:43,2025-12-22 02:21:43,Solved (Permanently),Resolved: cannot scan to email addressed by Deskside Support.,Closed,true,0,No,Low,4 - Low,4,2025-12-19 19:51:43
INC4000681,MFA prompt not received,3 - Moderate,Email,Outage,Identity & Access,Titan Auth Service,Phone,2025-10-04 00:54:33,2025-10-04 12:00:33,2025-10-04 12:00:33,Closed/Resolved by Caller,Resolved: mfa prompt not received addressed by Identity & Access.,Closed,true,0,Yes,Moderate,3 - Moderate,3,2025-10-04 00:54:33
INC4000688,Print job stuck in queue,4 - Low,Software,Outage,Deskside Support,Vertex Print Service,Email,2025-10-06 10:02:11,2025-10-08 13:14:11,2025-10-08 13:14:11,Solved (Permanently),Resolved: print job stuck in queue addressed by Deskside Support.,Closed,false,0,No,Low,4 - Low,4,2025-10-06 10:02:11
INC4000690,Service needs restart,2 - High,Database,Error,Infrastructure,Atlas Monitoring,Walk-in,2025-09-25 20:24:00,2025-09-28 18:00:00,2025-09-28 18:00:00,Closed/Resolved by Caller,Resolved: service needs restart addressed by Infrastructure.,Closed,true,1,No,High,2 - High,2,2025-09-25 20:24:00
INC4000691,Email not syncing,4 - Low,Access,Outage,Cloud Ops,Mailflow Online,Chat,2025-07-06 18:39:27,2025-07-09 14:57:27,2025-07-09 14:57:27,Solved (Work Around),Resolved: email not syncing addressed by Cloud Ops.,Closed,false,0,No,Low,4 - Low,4,2025-07-06 18:39:27
INC4000692,Cannot scan to email,1 - Critical,Database,Performance,Deskside Support,Vertex Print Service,Walk-in,2025-11-19 19:40:42,2025-11-22 13:58:42,2025-11-22 13:58:42,Solved (Work Around),Resolved: cannot scan to email addressed by Deskside Support.,Closed,true,1,Yes,Critical,1 - Critical,1,2025-11-19 19:40:42
INC4000697,Shared drive inaccessible,3 - Moderate,Network,Outage,Cloud Ops,Nimbus File Storage,Walk-in,2025-08-27 10:00:05,2025-08-27 22:54:05,2025-08-27 22:54:05,Closed/Resolved by Caller,Resolved: shared drive inaccessible addressed by Cloud Ops.,Closed,true,0,No,Moderate,3 - Moderate,3,2025-08-27 10:00:05
INC4000703,Print job stuck in queue,4 - Low,Hardware,Request,Deskside Support,Vertex Print Service,Email,2025-08-24 15:00:29,2025-08-27 10:48:29,2025-08-27 10:48:29,Closed/Resolved by Caller,Resolved: print job stuck in queue addressed by Deskside Support.,Closed,true,0,No,Low,4 - Low,4,2025-08-24 15:00:29
INC4000710,CRM page very slow to load,3 - Moderate,Support,Performance,App Support,Globex CRM,Email,2025-10-13 22:42:36,2025-10-15 14:00:36,2025-10-15 14:00:36,Solved (Permanently),Resolved: crm page very slow to load addressed by App Support.,Closed,true,0,No,Moderate,3 - Moderate,3,2025-10-13 22:42:36
INC4000717,MFA prompt not received,4 - Low,Email,Outage,Identity & Access,Titan Auth Service,Walk-in,2025-10-29 01:01:45,2025-10-31 06:55:45,2025-10-31 06:55:45,Not Reproducible,Resolved: mfa prompt not received addressed by Identity & Access.,Closed,true,0,Yes,Low,4 - Low,4,2025-10-29 01:01:45
INC4000723,Server high CPU alert,3 - Moderate,Hardware,Error,Infrastructure,Atlas Monitoring,Self-service,2025-08-13 18:55:36,2025-08-13 23:01:36,2025-08-13 23:01:36,Closed/Resolved by Caller,Resolved: server high cpu alert addressed by Infrastructure.,Closed,true,1,No,Moderate,3 - Moderate,3,2025-08-13 18:55:36
INC4000729,Cannot connect to VPN,4 - Low,Access,Request,Network Ops,VPN Gateway,Phone,2025-07-01 22:45:24,2025-07-03 14:39:24,2025-07-03 14:39:24,Not Reproducible,Resolved: cannot connect to vpn addressed by Network Ops.,Closed,true,0,No,Low,4 - Low,4,2025-07-01 22:45:24
INC4000736,Cannot save customer record,1 - Critical,Software,Performance,App Support,Globex CRM,Chat,2025-10-28 08:53:45,2025-10-29 01:59:45,2025-10-29 01:59:45,Solved (Work Around),Resolved: cannot save customer record addressed by App Support.,Closed,true,1,No,Critical,1 - Critical,1,2025-10-28 08:53:45
INC4000737,VPN disconnects intermittently,4 - Low,Network,Configuration,Network Ops,VPN Gateway,Walk-in,2025-12-19 09:35:08,2025-12-22 06:53:08,2025-12-22 06:53:08,Solved (Permanently),Resolved: vpn disconnects intermittently addressed by Network Ops.,Closed,true,0,No,Low,4 - Low,4,2025-12-19 09:35:08
INC4000741,Cannot scan to email,4 - Low,Network,Performance,Deskside Support,Vertex Print Service,Self-service,2025-10-04 22:48:25,2025-10-07 14:54:25,2025-10-07 14:54:25,Not Reproducible,Resolved: cannot scan to email addressed by Deskside Support.,Closed,true,1,No,Low,4 - Low,4,2025-10-04 22:48:25
INC4000747,VPN very slow after login,4 - Low,Support,Performance,Network Ops,VPN Gateway,Phone,2025-07-03 13:51:28,2025-07-04 14:27:28,2025-07-04 14:27:28,Known Error,Resolved: vpn very slow after login addressed by Network Ops.,Closed,false,1,Yes,Low,4 - Low,4,2025-07-03 13:51:28
INC4000751,Payslip not visible,4 - Low,Network,Performance,App Support,Helios HR Portal,Self-service,2025-07-16 20:57:08,2025-07-18 21:21:08,2025-07-18 21:21:08,Not Reproducible,Resolved: payslip not visible addressed by App Support.,Closed,false,0,No,Low,4 - Low,4,2025-07-16 20:57:08
INC4000752,Report shows stale data,1 - Critical,Network,Outage,Database Team,Orion Data Warehouse,Phone,2025-12-22 14:07:15,2025-12-23 12:13:15,2025-12-23 12:13:15,Solved (Permanently),Resolved: report shows stale data addressed by Database Team.,Closed,true,1,No,Critical,1 - Critical,1,2025-12-22 14:07:15
INC4000758,Cannot connect to VPN,1 - Critical,Software,Outage,Network Ops,VPN Gateway,Email,2025-09-13 04:35:23,2025-09-14 16:59:23,2025-09-14 16:59:23,Known Error,Resolved: cannot connect to vpn addressed by Network Ops.,Closed,true,0,No,Critical,1 - Critical,1,2025-09-13 04:35:23
INC4000762,Account locked out,2 - High,Database,Configuration,Identity & Access,Titan Auth Service,Chat,2025-07-29 00:47:27,2025-07-31 06:47:27,2025-07-31 06:47:27,Known Error,Resolved: account locked out addressed by Identity & Access.,Closed,true,0,Yes,High,2 - High,2,2025-07-29 00:47:27
INC4000767,CRM login failure,4 - Low,Software,Error,App Support,Globex CRM,Walk-in,2025-10-05 04:01:30,2025-10-06 18:19:30,2025-10-06 18:19:30,Known Error,Resolved: crm login failure addressed by App Support.,Closed,true,0,No,Low,4 - Low,4,2025-10-05 04:01:30
INC4000773,Payslip not visible,2 - High,Email,Request,App Support,Helios HR Portal,Self-service,2025-12-04 08:54:09,2025-12-05 17:00:09,2025-12-05 17:00:09,Known Error,Resolved: payslip not visible addressed by App Support.,Closed,false,0,No,High,2 - High,2,2025-12-04 08:54:09
INC4000777,VPN very slow after login,4 - Low,Database,Outage,Network Ops,VPN Gateway,Self-service,2025-10-02 22:11:04,2025-10-04 07:23:04,2025-10-04 07:23:04,Closed/Resolved by Caller,Resolved: vpn very slow after login addressed by Network Ops.,Closed,true,0,No,Low,4 - Low,4,2025-10-02 22:11:04
INC4000782,Server high CPU alert,1 - Critical,Software,Error,Infrastructure,Atlas Monitoring,Chat,2025-07-14 08:44:44,2025-07-15 15:32:44,2025-07-15 15:32:44,Solved (Permanently),Resolved: server high cpu alert addressed by Infrastructure.,Closed,true,1,No,Critical,1 - Critical,1,2025-07-14 08:44:44
INC4000785,Cannot connect to VPN,2 - High,Access,Request,Network Ops,VPN Gateway,Chat,2025-11-18 03:30:54,2025-11-21 02:00:54,2025-11-21 02:00:54,Closed/Resolved by Caller,Resolved: cannot connect to vpn addressed by Network Ops.,Closed,true,0,No,High,2 - High,2,2025-11-18 03:30:54
INC4000791,CRM login failure,3 - Moderate,Hardware,Error,App Support,Globex CRM,Self-service,2025-08-02 15:51:22,2025-08-04 06:45:22,2025-08-04 06:45:22,Not Reproducible,Resolved: crm login failure addressed by App Support.,Closed,false,1,Yes,Moderate,3 - Moderate,3,2025-08-02 15:51:22
INC4000794,File restore request,4 - Low,Hardware,Error,Cloud Ops,Nimbus File Storage,Self-service,2025-11-28 16:11:56,2025-11-29 10:23:56,2025-11-29 10:23:56,Closed/Resolved by Caller,Resolved: file restore request addressed by Cloud Ops.,Closed,true,0,No,Low,4 - Low,4,2025-11-28 16:11:56
INC4000800,Cannot save customer record,2 - High,Support,Error,App Support,Globex CRM,Phone,2025-07-19 11:08:18,2025-07-19 14:02:18,2025-07-19 14:02:18,Solved (Permanently),Resolved: cannot save customer record addressed by App Support.,Closed,false,1,No,High,2 - High,2,2025-07-19 11:08:18
INC4000805,Printer offline,4 - Low,Network,Performance,Deskside Support,Vertex Print Service,Walk-in,2025-08-09 18:14:46,2025-08-12 08:32:46,2025-08-12 08:32:46,Not Reproducible,Resolved: printer offline addressed by Deskside Support.,Closed,true,0,No,Low,4 - Low,4,2025-08-09 18:14:46
INC4000808,Cannot connect to VPN,3 - Moderate,Software,Configuration,Network Ops,VPN Gateway,Walk-in,2025-12-28 09:10:29,2025-12-29 22:58:29,2025-12-29 22:58:29,Solved (Work Around),Resolved: cannot connect to vpn addressed by Network Ops.,Closed,false,1,No,Moderate,3 - Moderate,3,2025-12-28 09:10:29
INC4000814,HR portal error on submit,3 - Moderate,Access,Request,App Support,Helios HR Portal,Phone,2025-12-20 07:26:51,2025-12-22 07:56:51,2025-12-22 07:56:51,Not Reproducible,Resolved: hr portal error on submit addressed by App Support.,Closed,false,0,Yes,Moderate,3 - Moderate,3,2025-12-20 07:26:51
INC4000821,MFA prompt not received,1 - Critical,Access,Error,Identity & Access,Titan Auth Service,Walk-in,2025-08-14 02:19:56,2025-08-14 18:55:56,2025-08-14 18:55:56,Closed/Resolved by Caller,Resolved: mfa prompt not received addressed by Identity & Access.,Closed,false,0,No,Critical,1 - Critical,1,2025-08-14 02:19:56
INC4000828,Cannot send external email,4 - Low,Network,Error,Cloud Ops,Mailflow Online,Walk-in,2025-08-16 15:56:27,2025-08-17 16:02:27,2025-08-17 16:02:27,Solved (Work Around),Resolved: cannot send external email addressed by Cloud Ops.,Closed,true,0,No,Low,4 - Low,4,2025-08-16 15:56:27
INC4000834,Service needs restart,4 - Low,Database,Configuration,Infrastructure,Atlas Monitoring,Phone,2025-10-19 08:02:01,2025-10-21 23:02:01,2025-10-21 23:02:01,Closed/Resolved by Caller,Resolved: service needs restart addressed by Infrastructure.,Closed,true,0,No,Low,4 - Low,4,2025-10-19 08:02:01
INC4000840,Payment timeout at checkout,1 - Critical,Support,Request,App Support,Acme Payments API,Phone,2025-08-08 18:15:35,2025-08-09 08:21:35,2025-08-09 08:21:35,Known Error,Resolved: payment timeout at checkout addressed by App Support.,Closed,true,1,No,Critical,1 - Critical,1,2025-08-08 18:15:35
INC4000846,Cannot scan to email,3 - Moderate,Network,Outage,Deskside Support,Vertex Print Service,Email,2025-08-28 20:31:59,2025-08-29 17:13:59,2025-08-29 17:13:59,Not Reproducible,Resolved: cannot scan to email addressed by Deskside Support.,Closed,false,1,No,Moderate,3 - Moderate,3,2025-08-28 20:31:59
INC4000849,Account locked out,4 - Low,Access,Error,Identity & Access,Titan Auth Service,Walk-in,2025-11-17 09:04:27,2025-11-18 08:28:27,2025-11-18 08:28:27,Solved (Work Around),Resolved: account locked out addressed by Identity & Access.,Closed,true,0,No,Low,4 - Low,4,2025-11-17 09:04:27
INC4000851,Print job stuck in queue,3 - Moderate,Hardware,Outage,Deskside Support,Vertex Print Service,Phone,2025-12-19 01:27:29,2025-12-20 19:21:29,2025-12-20 19:21:29,Closed/Resolved by Caller,Resolved: print job stuck in queue addressed by Deskside Support.,Closed,true,1,Yes,Moderate,3 - Moderate,3,2025-12-19 01:27:29
INC4000857,Leave request stuck,1 - Critical,Access,Request,App Support,Helios HR Portal,Phone,2025-08-17 02:10:44,2025-08-19 13:22:44,2025-08-19 13:22:44,Not Reproducible,Resolved: leave request stuck addressed by App Support.,Closed,true,0,Yes,Critical,1 - Critical,1,2025-08-17 02:10:44
INC4000862,MFA prompt not received,2 - High,Software,Error,Identity & Access,Titan Auth Service,Self-service,2025-08-03 16:20:16,2025-08-06 08:26:16,2025-08-06 08:26:16,Solved (Permanently),Resolved: mfa prompt not received addressed by Identity & Access.,Closed,false,0,No,High,2 - High,2,2025-08-03 16:20:16
INC4000865,CRM page very slow to load,3 - Moderate,Software,Configuration,App Support,Globex CRM,Walk-in,2025-11-07 09:53:19,2025-11-07 11:05:19,2025-11-07 11:05:19,Closed/Resolved by Caller,Resolved: crm page very slow to load addressed by App Support.,Closed,false,0,No,Moderate,3 - Moderate,3,2025-11-07 09:53:19
INC4000868,Cannot scan to email,3 - Moderate,Email,Outage,Deskside Support,Vertex Print Service,Self-service,2025-10-09 22:49:06,2025-10-10 00:07:06,2025-10-10 00:07:06,Known Error,Resolved: cannot scan to email addressed by Deskside Support.,Closed,false,0,No,Moderate,3 - Moderate,3,2025-10-09 22:49:06
INC4000871,Cannot save customer record,2 - High,Support,Outage,App Support,Globex CRM,Email,2025-10-04 23:06:02,2025-10-05 16:48:02,2025-10-05 16:48:02,Closed/Resolved by Caller,Resolved: cannot save customer record addressed by App Support.,Closed,true,0,No,High,2 - High,2,2025-10-04 23:06:02
INC4000877,Account locked out,4 - Low,Support,Error,Identity & Access,Titan Auth Service,Self-service,2025-10-12 09:29:22,2025-10-15 08:47:22,2025-10-15 08:47:22,Solved (Permanently),Resolved: account locked out addressed by Identity & Access.,Closed,false,1,No,Low,4 - Low,4,2025-10-12 09:29:22
INC4000878,Printer offline,1 - Critical,Access,Request,Deskside Support,Vertex Print Service,Email,2025-09-26 02:36:51,2025-09-28 00:36:51,2025-09-28 00:36:51,Known Error,Resolved: printer offline addressed by Deskside Support.,Closed,true,0,No,Critical,1 - Critical,1,2025-09-26 02:36:51
INC4000881,Cannot send external email,2 - High,Software,Error,Cloud Ops,Mailflow Online,Email,2025-12-12 22:23:27,2025-12-15 00:23:27,2025-12-15 00:23:27,Known Error,Resolved: cannot send external email addressed by Cloud Ops.,Closed,true,0,No,High,2 - High,2,2025-12-12 22:23:27
INC4000882,Payment gateway returns 500,1 - Critical,Network,Performance,App Support,Acme Payments API,Walk-in,2025-12-23 22:46:21,2025-12-25 17:16:21,2025-12-25 17:16:21,Solved (Work Around),Resolved: payment gateway returns 500 addressed by App Support.,Closed,false,0,No,Critical,1 - Critical,1,2025-12-23 22:46:21
INC4000888,VPN very slow after login,4 - Low,Network,Error,Network Ops,VPN Gateway,Self-service,2025-11-22 15:52:03,2025-11-24 17:40:03,2025-11-24 17:40:03,Closed/Resolved by Caller,Resolved: vpn very slow after login addressed by Network Ops.,Closed,true,0,No,Low,4 - Low,4,2025-11-22 15:52:03
INC4000889,Disk space low on host,3 - Moderate,Database,Outage,Infrastructure,Atlas Monitoring,Chat,2025-11-18 17:28:22,2025-11-21 14:16:22,2025-11-21 14:16:22,Closed/Resolved by Caller,Resolved: disk space low on host addressed by Infrastructure.,Closed,true,0,Yes,Moderate,3 - Moderate,3,2025-11-18 17:28:22
INC4000890,Shared drive inaccessible,2 - High,Support,Configuration,Cloud Ops,Nimbus File Storage,Email,2025-09-18 00:40:34,2025-09-20 01:46:34,2025-09-20 01:46:34,Solved (Work Around),Resolved: shared drive inaccessible addressed by Cloud Ops.,Closed,true,0,No,High,2 - High,2,2025-09-18 00:40:34
INC4000894,VPN very slow after login,4 - Low,Network,Outage,Network Ops,VPN Gateway,Self-service,2025-09-08 12:57:35,2025-09-10 21:27:35,2025-09-10 21:27:35,Solved (Permanently),Resolved: vpn very slow after login addressed by Network Ops.,Closed,true,0,No,Low,4 - Low,4,2025-09-08 12:57:35
INC4000898,Payslip not visible,4 - Low,Access,Configuration,App Support,Helios HR Portal,Walk-in,2025-11-17 07:50:01,2025-11-17 15:38:01,2025-11-17 15:38:01,Known Error,Resolved: payslip not visible addressed by App Support.,Closed,false,0,No,Low,4 - Low,4,2025-11-17 07:50:01
INC4000905,CRM page very slow to load,2 - High,Access,Error,App Support,Globex CRM,Email,2025-09-03 18:23:29,2025-09-04 01:35:29,2025-09-04 01:35:29,Closed/Resolved by Caller,Resolved: crm page very slow to load addressed by App Support.,Closed,false,0,Yes,High,2 - High,2,2025-09-03 18:23:29
INC4000907,Email not syncing,3 - Moderate,Network,Outage,Cloud Ops,Mailflow Online,Email,2025-10-13 16:03:00,2025-10-14 04:39:00,2025-10-14 04:39:00,Closed/Resolved by Caller,Resolved: email not syncing addressed by Cloud Ops.,Closed,true,0,No,Moderate,3 - Moderate,3,2025-10-13 16:03:00
INC4000910,Shared drive inaccessible,4 - Low,Hardware,Request,Cloud Ops,Nimbus File Storage,Walk-in,2025-08-20 12:01:28,2025-08-21 09:55:28,2025-08-21 09:55:28,Known Error,Resolved: shared drive inaccessible addressed by Cloud Ops.,Closed,true,1,No,Low,4 - Low,4,2025-08-20 12:01:28
INC4000914,VPN very slow after login,4 - Low,Support,Outage,Network Ops,VPN Gateway,Chat,2025-08-25 18:03:28,2025-08-28 14:21:28,2025-08-28 14:21:28,Not Reproducible,Resolved: vpn very slow after login addressed by Network Ops.,Closed,false,0,No,Low,4 - Low,4,2025-08-25 18:03:28
INC4000916,HR portal error on submit,3 - Moderate,Access,Outage,App Support,Helios HR Portal,Email,2025-10-19 09:18:14,2025-10-21 11:30:14,2025-10-21 11:30:14,Closed/Resolved by Caller,Resolved: hr portal error on submit addressed by App Support.,Closed,true,0,No,Moderate,3 - Moderate,3,2025-10-19 09:18:14
INC4000918,Report shows stale data,4 - Low,Email,Configuration,Database Team,Orion Data Warehouse,Phone,2025-11-27 10:02:38,2025-11-28 14:38:38,2025-11-28 14:38:38,Known Error,Resolved: report shows stale data addressed by Database Team.,Closed,true,1,No,Low,4 - Low,4,2025-11-27 10:02:38
INC4000924,Account locked out,4 - Low,Access,Performance,Identity & Access,Titan Auth Service,Email,2025-11-23 23:26:05,2025-11-26 11:20:05,2025-11-26 11:20:05,Solved (Work Around),Resolved: account locked out addressed by Identity & Access.,Closed,true,0,No,Low,4 - Low,4,2025-11-23 23:26:05
INC4000928,File sync conflict,3 - Moderate,Email,Configuration,Cloud Ops,Nimbus File Storage,Chat,2025-07-14 12:51:17,2025-07-17 12:09:17,2025-07-17 12:09:17,Known Error,Resolved: file sync conflict addressed by Cloud Ops.,Closed,true,0,Yes,Moderate,3 - Moderate,3,2025-07-14 12:51:17
INC4000934,Service needs restart,4 - Low,Network,Performance,Infrastructure,Atlas Monitoring,Walk-in,2025-10-25 18:53:17,2025-10-26 01:29:17,2025-10-26 01:29:17,Solved (Permanently),Resolved: service needs restart addressed by Infrastructure.,Closed,false,0,No,Low,4 - Low,4,2025-10-25 18:53:17
INC4000939,Cannot save customer record,3 - Moderate,Email,Configuration,App Support,Globex CRM,Walk-in,2025-07-02 22:19:32,2025-07-03 17:19:32,2025-07-03 17:19:32,Solved (Work Around),Resolved: cannot save customer record addressed by App Support.,Closed,false,0,No,Moderate,3 - Moderate,3,2025-07-02 22:19:32
INC4000942,MFA prompt not received,3 - Moderate,Software,Request,Identity & Access,Titan Auth Service,Self-service,2025-11-19 08:07:37,2025-11-21 02:43:37,2025-11-21 02:43:37,Not Reproducible,Resolved: mfa prompt not received addressed by Identity & Access.,Closed,false,0,No,Moderate,3 - Moderate,3,2025-11-19 08:07:37
INC4000946,VPN very slow after login,4 - Low,Network,Request,Network Ops,VPN Gateway,Self-service,2025-09-02 17:51:33,2025-09-03 18:51:33,2025-09-03 18:51:33,Closed/Resolved by Caller,Resolved: vpn very slow after login addressed by Network Ops.,Closed,false,0,No,Low,4 - Low,4,2025-09-02 17:51:33
INC4000952,ETL job failed,4 - Low,Software,Performance,Database Team,Orion Data Warehouse,Phone,2025-07-09 04:14:52,2025-07-11 07:32:52,2025-07-11 07:32:52,Known Error,Resolved: etl job failed addressed by Database Team.,Closed,true,0,No,Low,4 - Low,4,2025-07-09 04:14:52
INC4000954,Cannot scan to email,3 - Moderate,Hardware,Request,Deskside Support,Vertex Print Service,Chat,2025-09-17 00:36:51,2025-09-18 10:06:51,2025-09-18 10:06:51,Solved (Permanently),Resolved: cannot scan to email addressed by Deskside Support.,Closed,true,1,Yes,Moderate,3 - Moderate,3,2025-09-17 00:36:51
INC4000961,Shared drive inaccessible,4 - Low,Database,Error,Cloud Ops,Nimbus File Storage,Walk-in,2025-09-10 03:46:00,2025-09-12 06:40:00,2025-09-12 06:40:00,Solved (Permanently),Resolved: shared drive inaccessible addressed by Cloud Ops.,Closed,true,0,No,Low,4 - Low,4,2025-09-10 03:46:00
INC4000967,Mailbox quota exceeded,3 - Moderate,Network,Configuration,Cloud Ops,Mailflow Online,Chat,2025-09-22 17:33:41,2025-09-23 12:51:41,2025-09-23 12:51:41,Known Error,Resolved: mailbox quota exceeded addressed by Cloud Ops.,Closed,false,0,No,Moderate,3 - Moderate,3,2025-09-22 17:33:41
INC4000974,Leave request stuck,2 - High,Network,Configuration,App Support,Helios HR Portal,Walk-in,2025-12-02 17:30:51,2025-12-04 14:06:51,2025-12-04 14:06:51,Solved (Permanently),Resolved: leave request stuck addressed by App Support.,Closed,true,0,No,High,2 - High,2,2025-12-02 17:30:51
INC4000979,Email not syncing,1 - Critical,Access,Request,Cloud Ops,Mailflow Online,Walk-in,2025-08-25 21:13:44,2025-08-26 10:49:44,2025-08-26 10:49:44,Solved (Work Around),Resolved: email not syncing addressed by Cloud Ops.,Closed,false,1,No,Critical,1 - Critical,1,2025-08-25 21:13:44
INC4000984,MFA prompt not received,2 - High,Hardware,Request,Identity & Access,Titan Auth Service,Email,2025-10-25 07:07:23,2025-10-27 09:13:23,2025-10-27 09:13:23,Solved (Work Around),Resolved: mfa prompt not received addressed by Identity & Access.,Closed,true,0,No,High,2 - High,2,2025-10-25 07:07:23
INC4000986,Disk space low on host,4 - Low,Hardware,Request,Infrastructure,Atlas Monitoring,Walk-in,2025-07-10 19:27:38,2025-07-11 21:39:38,2025-07-11 21:39:38,Known Error,Resolved: disk space low on host addressed by Infrastructure.,Closed,false,1,No,Low,4 - Low,4,2025-07-10 19:27:38
INC4000991,File restore request,4 - Low,Software,Performance,Cloud Ops,Nimbus File Storage,Email,2025-11-07 22:56:43,2025-11-09 07:08:43,2025-11-09 07:08:43,Solved (Permanently),Resolved: file restore request addressed by Cloud Ops.,Closed,true,0,Yes,Low,4 - Low,4,2025-11-07 22:56:43
INC4000996,ETL job failed,1 - Critical,Email,Error,Database Team,Orion Data Warehouse,Walk-in,2025-07-31 18:46:25,2025-08-02 03:58:25,2025-08-02 03:58:25,Solved (Permanently),Resolved: etl job failed addressed by Database Team.,Closed,true,0,Yes,Critical,1 - Critical,1,2025-07-31 18:46:25
INC4000997,Payment gateway returns 500,4 - Low,Database,Performance,App Support,Acme Payments API,Email,2025-11-17 01:56:17,2025-11-18 10:02:17,2025-11-18 10:02:17,Solved (Permanently),Resolved: payment gateway returns 500 addressed by App Support.,Closed,false,0,No,Low,4 - Low,4,2025-11-17 01:56:17
INC4001004,CRM login failure,4 - Low,Database,Configuration,App Support,Globex CRM,Email,2025-09-19 08:23:42,2025-09-22 07:59:42,2025-09-22 07:59:42,Known Error,Resolved: crm login failure addressed by App Support.,Closed,false,0,Yes,Low,4 - Low,4,2025-09-19 08:23:42
INC4001007,VPN very slow after login,4 - Low,Email,Outage,Network Ops,VPN Gateway,Walk-in,2025-11-21 15:03:29,2025-11-24 01:45:29,2025-11-24 01:45:29,Known Error,Resolved: vpn very slow after login addressed by Network Ops.,Closed,true,0,No,Low,4 - Low,4,2025-11-21 15:03:29
INC4001014,Report shows stale data,3 - Moderate,Software,Performance,Database Team,Orion Data Warehouse,Chat,2025-10-13 19:27:16,2025-10-16 16:03:16,2025-10-16 16:03:16,Solved (Permanently),Resolved: report shows stale data addressed by Database Team.,Closed,true,0,No,Moderate,3 - Moderate,3,2025-10-13 19:27:16
INC4001018,Mailbox quota exceeded,4 - Low,Access,Performance,Cloud Ops,Mailflow Online,Walk-in,2025-07-27 18:18:04,2025-07-28 17:48:04,2025-07-28 17:48:04,Not Reproducible,Resolved: mailbox quota exceeded addressed by Cloud Ops.,Closed,false,1,No,Low,4 - Low,4,2025-07-27 18:18:04
INC4001023,CRM page very slow to load,4 - Low,Database,Outage,App Support,Globex CRM,Email,2025-10-24 22:53:35,2025-10-27 14:17:35,2025-10-27 14:17:35,Closed/Resolved by Caller,Resolved: crm page very slow to load addressed by App Support.,Closed,false,0,Yes,Low,4 - Low,4,2025-10-24 22:53:35
INC4001027,Transaction declined in error,4 - Low,Database,Outage,App Support,Acme Payments API,Self-service,2025-12-07 00:14:34,2025-12-09 13:20:34,2025-12-09 13:20:34,Known Error,Resolved: transaction declined in error addressed by App Support.,Closed,false,0,No,Low,4 - Low,4,2025-12-07 00:14:34
INC4001032,Cannot send external email,4 - Low,Email,Performance,Cloud Ops,Mailflow Online,Walk-in,2025-09-29 12:47:16,2025-09-30 12:23:16,2025-09-30 12:23:16,Closed/Resolved by Caller,Resolved: cannot send external email addressed by Cloud Ops.,Closed,true,0,No,Low,4 - Low,4,2025-09-29 12:47:16
INC4001039,CRM login failure,4 - Low,Hardware,Request,App Support,Globex CRM,Chat,2025-10-23 14:10:49,2025-10-26 02:28:49,2025-10-26 02:28:49,Solved (Permanently),Resolved: crm login failure addressed by App Support.,Closed,false,0,No,Low,4 - Low,4,2025-10-23 14:10:49
INC4001045,Data not refreshed overnight,4 - Low,Network,Outage,Database Team,Orion Data Warehouse,Self-service,2025-07-30 02:13:44,2025-08-01 21:25:44,2025-08-01 21:25:44,Not Reproducible,Resolved: data not refreshed overnight addressed by Database Team.,Closed,true,0,No,Low,4 - Low,4,2025-07-30 02:13:44
INC4001046,Report shows stale data,3 - Moderate,Database,Error,Database Team,Orion Data Warehouse,Self-service,2025-11-10 20:32:27,2025-11-13 03:02:27,2025-11-13 03:02:27,Solved (Work Around),Resolved: report shows stale data addressed by Database Team.,Closed,false,0,No,Moderate,3 - Moderate,3,2025-11-10 20:32:27
INC4001052,Server high CPU alert,4 - Low,Network,Error,Infrastructure,Atlas Monitoring,Chat,2025-08-11 09:25:48,2025-08-13 10:31:48,2025-08-13 10:31:48,Solved (Work Around),Resolved: server high cpu alert addressed by Infrastructure.,Closed,false,0,No,Low,4 - Low,4,2025-08-11 09:25:48
INC4001055,Shared drive inaccessible,4 - Low,Network,Performance,Cloud Ops,Nimbus File Storage,Chat,2025-07-17 08:20:31,2025-07-19 18:26:31,2025-07-19 18:26:31,Solved (Work Around),Resolved: shared drive inaccessible addressed by Cloud Ops.,Closed,true,0,Yes,Low,4 - Low,4,2025-07-17 08:20:31
INC4001061,Disk space low on host,3 - Moderate,Hardware,Performance,Infrastructure,Atlas Monitoring,Chat,2025-07-02 13:13:15,2025-07-04 12:13:15,2025-07-04 12:13:15,Known Error,Resolved: disk space low on host addressed by Infrastructure.,Closed,false,0,No,Moderate,3 - Moderate,3,2025-07-02 13:13:15
INC4001064,CRM page very slow to load,1 - Critical,Access,Outage,App Support,Globex CRM,Phone,2025-07-26 14:56:15,2025-07-27 00:14:15,2025-07-27 00:14:15,Solved (Work Around),Resolved: crm page very slow to load addressed by App Support.,Closed,true,0,No,Critical,1 - Critical,1,2025-07-26 14:56:15
INC4001065,Cannot scan to email,4 - Low,Support,Outage,Deskside Support,Vertex Print Service,Phone,2025-10-18 23:35:16,2025-10-21 03:41:16,2025-10-21 03:41:16,Known Error,Resolved: cannot scan to email addressed by Deskside Support.,Closed,true,1,No,Low,4 - Low,4,2025-10-18 23:35:16
INC4001069,Payment gateway returns 500,4 - Low,Software,Performance,App Support,Acme Payments API,Chat,2025-11-21 10:27:23,2025-11-23 19:45:23,2025-11-23 19:45:23,Known Error,Resolved: payment gateway returns 500 addressed by App Support.,Closed,true,0,No,Low,4 - Low,4,2025-11-21 10:27:23
INC4001072,HR portal error on submit,2 - High,Email,Performance,App Support,Helios HR Portal,Chat,2025-07-25 03:40:07,2025-07-27 17:40:07,2025-07-27 17:40:07,Solved (Permanently),Resolved: hr portal error on submit addressed by App Support.,Closed,true,0,No,High,2 - High,2,2025-07-25 03:40:07
INC4001075,Report shows stale data,3 - Moderate,Database,Configuration,Database Team,Orion Data Warehouse,Chat,2025-08-09 11:32:34,2025-08-12 06:02:34,2025-08-12 06:02:34,Closed/Resolved by Caller,Resolved: report shows stale data addressed by Database Team.,Closed,false,0,Yes,Moderate,3 - Moderate,3,2025-08-09 11:32:34
INC4001080,Printer offline,4 - Low,Hardware,Performance,Deskside Support,Vertex Print Service,Walk-in,2025-10-21 17:40:43,2025-10-22 13:58:43,2025-10-22 13:58:43,Not Reproducible,Resolved: printer offline addressed by Deskside Support.,Closed,false,0,No,Low,4 - Low,4,2025-10-21 17:40:43
INC4001081,File restore request,4 - Low,Access,Error,Cloud Ops,Nimbus File Storage,Chat,2025-11-11 13:58:37,2025-11-14 02:58:37,2025-11-14 02:58:37,Known Error,Resolved: file restore request addressed by Cloud Ops.,Closed,true,0,No,Low,4 - Low,4,2025-11-11 13:58:37
INC4001085,CRM login failure,4 - Low,Network,Configuration,App Support,Globex CRM,Walk-in,2025-07-03 07:37:28,2025-07-03 17:55:28,2025-07-03 17:55:28,Not Reproducible,Resolved: crm login failure addressed by App Support.,Closed,true,0,No,Low,4 - Low,4,2025-07-03 07:37:28
INC4001092,ETL job failed,4 - Low,Access,Outage,Database Team,Orion Data Warehouse,Walk-in,2025-11-12 03:03:15,2025-11-12 11:57:15,2025-11-12 11:57:15,Solved (Permanently),Resolved: etl job failed addressed by Database Team.,Closed,true,0,No,Low,4 - Low,4,2025-11-12 03:03:15
INC4001095,MFA prompt not received,2 - High,Hardware,Outage,Identity & Access,Titan Auth Service,Self-service,2025-10-02 11:21:14,2025-10-02 15:51:14,2025-10-02 15:51:14,Known Error,Resolved: mfa prompt not received addressed by Identity & Access.,Closed,true,0,Yes,High,2 - High,2,2025-10-02 11:21:14
INC4001099,Payment timeout at checkout,4 - Low,Network,Request,App Support,Acme Payments API,Phone,2025-07-09 01:24:52,2025-07-11 15:36:52,2025-07-11 15:36:52,Solved (Work Around),Resolved: payment timeout at checkout addressed by App Support.,Closed,true,1,No,Low,4 - Low,4,2025-07-09 01:24:52
INC4001106,HR portal error on submit,4 - Low,Software,Configuration,App Support,Helios HR Portal,Email,2025-08-15 10:22:18,2025-08-18 04:22:18,2025-08-18 04:22:18,Solved (Permanently),Resolved: hr portal error on submit addressed by App Support.,Closed,true,0,No,Low,4 - Low,4,2025-08-15 10:22:18
INC4001113,Print job stuck in queue,4 - Low,Network,Outage,Deskside Support,Vertex Print Service,Email,2025-12-27 14:22:10,2025-12-30 11:04:10,2025-12-30 11:04:10,Solved (Permanently),Resolved: print job stuck in queue addressed by Deskside Support.,Closed,false,0,No,Low,4 - Low,4,2025-12-27 14:22:10
INC4001115,Mailbox quota exceeded,1 - Critical,Access,Outage,Cloud Ops,Mailflow Online,Walk-in,2025-08-23 08:41:08,2025-08-25 17:17:08,2025-08-25 17:17:08,Closed/Resolved by Caller,Resolved: mailbox quota exceeded addressed by Cloud Ops.,Closed,true,0,No,Critical,1 - Critical,1,2025-08-23 08:41:08
INC4001121,Payment gateway returns 500,3 - Moderate,Support,Error,App Support,Acme Payments API,Email,2025-12-18 15:05:23,2025-12-18 17:17:23,2025-12-18 17:17:23,Solved (Permanently),Resolved: payment gateway returns 500 addressed by App Support.,Closed,false,0,No,Moderate,3 - Moderate,3,2025-12-18 15:05:23
INC4001123,Email not syncing,3 - Moderate,Database,Outage,Cloud Ops,Mailflow Online,Self-service,2025-10-05 22:56:42,2025-10-06 16:26:42,2025-10-06 16:26:42,Solved (Permanently),Resolved: email not syncing addressed by Cloud Ops.,Closed,true,1,No,Moderate,3 - Moderate,3,2025-10-05 22:56:42
INC4001125,SSO redirect loop,4 - Low,Database,Request,Identity & Access,Titan Auth Service,Self-service,2025-12-26 08:14:40,2025-12-26 14:50:40,2025-12-26 14:50:40,Known Error,Resolved: sso redirect loop addressed by Identity & Access.,Closed,true,1,No,Low,4 - Low,4,2025-12-26 08:14:40
INC4001132,Mailbox quota exceeded,3 - Moderate,Database,Outage,Cloud Ops,Mailflow Online,Email,2025-08-23 09:02:27,2025-08-25 22:20:27,2025-08-25 22:20:27,Closed/Resolved by Caller,Resolved: mailbox quota exceeded addressed by Cloud Ops.,Closed,true,0,No,Moderate,3 - Moderate,3,2025-08-23 09:02:27
INC4001133,Email not syncing,4 - Low,Hardware,Request,Cloud Ops,Mailflow Online,Chat,2025-07-25 21:48:11,2025-07-28 05:24:11,2025-07-28 05:24:11,Not Reproducible,Resolved: email not syncing addressed by Cloud Ops.,Closed,false,0,Yes,Low,4 - Low,4,2025-07-25 21:48:11
INC4001136,HR portal error on submit,4 - Low,Support,Error,App Support,Helios HR Portal,Self-service,2025-12-24 12:40:32,2025-12-25 03:58:32,2025-12-25 03:58:32,Solved (Work Around),Resolved: hr portal error on submit addressed by App Support.,Closed,true,0,No,Low,4 - Low,4,2025-12-24 12:40:32
INC4001141,HR portal error on submit,4 - Low,Software,Outage,App Support,Helios HR Portal,Email,2025-07-28 03:26:17,2025-07-30 06:44:17,2025-07-30 06:44:17,Solved (Work Around),Resolved: hr portal error on submit addressed by App Support.,Closed,true,1,No,Low,4 - Low,4,2025-07-28 03:26:17
INC4001148,Printer offline,3 - Moderate,Support,Performance,Deskside Support,Vertex Print Service,Self-service,2025-11-14 21:33:37,2025-11-15 15:57:37,2025-11-15 15:57:37,Solved (Permanently),Resolved: printer offline addressed by Deskside Support.,Closed,true,0,No,Moderate,3 - Moderate,3,2025-11-14 21:33:37
INC4001149,Mailbox quota exceeded,2 - High,Email,Configuration,Cloud Ops,Mailflow Online,Email,2025-11-28 17:34:25,2025-11-29 20:40:25,2025-11-29 20:40:25,Solved (Permanently),Resolved: mailbox quota exceeded addressed by Cloud Ops.,Closed,true,0,No,High,2 - High,2,2025-11-28 17:34:25
INC4001150,MFA prompt not received,4 - Low,Access,Error,Identity & Access,Titan Auth Service,Phone,2025-11-26 02:26:23,2025-11-26 09:32:23,2025-11-26 09:32:23,Known Error,Resolved: mfa prompt not received addressed by Identity & Access.,Closed,false,1,No,Low,4 - Low,4,2025-11-26 02:26:23
INC4001152,Payment timeout at checkout,4 - Low,Network,Outage,App Support,Acme Payments API,Chat,2025-09-09 00:56:51,2025-09-10 07:56:51,2025-09-10 07:56:51,Solved (Work Around),Resolved: payment timeout at checkout addressed by App Support.,Closed,true,0,No,Low,4 - Low,4,2025-09-09 00:56:51
INC4001155,MFA prompt not received,4 - Low,Access,Performance,Identity & Access,Titan Auth Service,Chat,2025-09-14 09:28:11,2025-09-16 01:22:11,2025-09-16 01:22:11,Solved (Work Around),Resolved: mfa prompt not received addressed by Identity & Access.,Closed,true,0,No,Low,4 - Low,4,2025-09-14 09:28:11
INC4001160,Leave request stuck,4 - Low,Network,Request,App Support,Helios HR Portal,Email,2025-09-26 18:46:26,2025-09-29 03:10:26,2025-09-29 03:10:26,Solved (Work Around),Resolved: leave request stuck addressed by App Support.,Closed,true,0,Yes,Low,4 - Low,4,2025-09-26 18:46:26
INC4001167,Email not syncing,4 - Low,Access,Configuration,Cloud Ops,Mailflow Online,Email,2025-07-06 08:42:02,2025-07-08 19:12:02,2025-07-08 19:12:02,Known Error,Resolved: email not syncing addressed by Cloud Ops.,Closed,true,0,No,Low,4 - Low,4,2025-07-06 08:42:02
INC4001174,Email not syncing,1 - Critical,Hardware,Configuration,Cloud Ops,Mailflow Online,Chat,2025-10-29 04:56:54,2025-10-30 00:32:54,2025-10-30 00:32:54,Not Reproducible,Resolved: email not syncing addressed by Cloud Ops.,Closed,true,0,No,Critical,1 - Critical,1,2025-10-29 04:56:54
INC4001175,Service needs restart,4 - Low,Database,Outage,Infrastructure,Atlas Monitoring,Walk-in,2025-08-28 04:40:30,2025-08-30 09:58:30,2025-08-30 09:58:30,Known Error,Resolved: service needs restart addressed by Infrastructure.,Closed,true,0,No,Low,4 - Low,4,2025-08-28 04:40:30
INC4001177,Printer offline,4 - Low,Email,Performance,Deskside Support,Vertex Print Service,Self-service,2025-08-26 13:21:39,2025-08-28 00:57:39,2025-08-28 00:57:39,Known Error,Resolved: printer offline addressed by Deskside Support.,Closed,false,0,No,Low,4 - Low,4,2025-08-26 13:21:39
INC4001184,Server high CPU alert,1 - Critical,Support,Outage,Infrastructure,Atlas Monitoring,Self-service,2025-08-06 20:49:53,2025-08-07 06:37:53,2025-08-07 06:37:53,Solved (Permanently),Resolved: server high cpu alert addressed by Infrastructure.,Closed,true,0,No,Critical,1 - Critical,1,2025-08-06 20:49:53
INC4001190,Cannot scan to email,4 - Low,Access,Configuration,Deskside Support,Vertex Print Service,Self-service,2025-12-05 12:03:37,2025-12-08 09:15:37,2025-12-08 09:15:37,Not Reproducible,Resolved: cannot scan to email addressed by Deskside Support.,Closed,true,0,No,Low,4 - Low,4,2025-12-05 12:03:37
INC4001196,Cannot connect to VPN,2 - High,Network,Performance,Network Ops,VPN Gateway,Walk-in,2025-11-12 00:29:24,2025-11-13 08:11:24,2025-11-13 08:11:24,Known Error,Resolved: cannot connect to vpn addressed by Network Ops.,Closed,true,0,Yes,High,2 - High,2,2025-11-12 00:29:24
INC4001198,VPN disconnects intermittently,4 - Low,Database,Error,Network Ops,VPN Gateway,Walk-in,2025-09-08 05:51:46,2025-09-10 10:51:46,2025-09-10 10:51:46,Closed/Resolved by Caller,Resolved: vpn disconnects intermittently addressed by Network Ops.,Closed,true,0,Yes,Low,4 - Low,4,2025-09-08 05:51:46
INC4001203,Leave request stuck,4 - Low,Software,Request,App Support,Helios HR Portal,Phone,2025-12-16 13:11:59,2025-12-19 10:53:59,2025-12-19 10:53:59,Not Reproducible,Resolved: leave request stuck addressed by App Support.,Closed,true,0,No,Low,4 - Low,4,2025-12-16 13:11:59
INC4001209,Leave request stuck,4 - Low,Database,Outage,App Support,Helios HR Portal,Chat,2025-07-31 17:21:41,2025-08-03 09:09:41,2025-08-03 09:09:41,Solved (Permanently),Resolved: leave request stuck addressed by App Support.,Closed,true,0,No,Low,4 - Low,4,2025-07-31 17:21:41
INC4001210,CRM login failure,1 - Critical,Access,Request,App Support,Globex CRM,Chat,2025-09-03 03:18:47,2025-09-05 12:06:47,2025-09-05 12:06:47,Solved (Work Around),Resolved: crm login failure addressed by App Support.,Closed,false,1,No,Critical,1 - Critical,1,2025-09-03 03:18:47
INC4001216,Leave request stuck,3 - Moderate,Support,Performance,App Support,Helios HR Portal,Phone,2025-10-08 22:08:14,2025-10-09 05:56:14,2025-10-09 05:56:14,Closed/Resolved by Caller,Resolved: leave request stuck addressed by App Support.,Closed,true,0,No,Moderate,3 - Moderate,3,2025-10-08 22:08:14
INC4001218,Payment gateway returns 500,4 - Low,Access,Performance,App Support,Acme Payments API,Self-service,2025-08-28 07:48:16,2025-08-31 04:18:16,2025-08-31 04:18:16,Known Error,Resolved: payment gateway returns 500 addressed by App Support.,Closed,true,0,Yes,Low,4 - Low,4,2025-08-28 07:48:16
INC4001220,Service needs restart,3 - Moderate,Email,Request,Infrastructure,Atlas Monitoring,Phone,2025-12-11 11:02:57,2025-12-13 13:56:57,2025-12-13 13:56:57,Solved (Permanently),Resolved: service needs restart addressed by Infrastructure.,Closed,true,0,No,Moderate,3 - Moderate,3,2025-12-11 11:02:57
INC4001223,Mailbox quota exceeded,1 - Critical,Database,Outage,Cloud Ops,Mailflow Online,Email,2025-09-13 21:33:25,2025-09-15 13:39:25,2025-09-15 13:39:25,Solved (Work Around),Resolved: mailbox quota exceeded addressed by Cloud Ops.,Closed,true,0,No,Critical,1 - Critical,1,2025-09-13 21:33:25
INC4001224,Disk space low on host,4 - Low,Access,Error,Infrastructure,Atlas Monitoring,Email,2025-10-09 14:07:05,2025-10-11 01:43:05,2025-10-11 01:43:05,Known Error,Resolved: disk space low on host addressed by Infrastructure.,Closed,false,0,No,Low,4 - Low,4,2025-10-09 14:07:05
INC4001231,Payment gateway returns 500,4 - Low,Software,Outage,App Support,Acme Payments API,Chat,2025-08-07 20:56:15,2025-08-09 19:02:15,2025-08-09 19:02:15,Closed/Resolved by Caller,Resolved: payment gateway returns 500 addressed by App Support.,Closed,false,0,No,Low,4 - Low,4,2025-08-07 20:56:15
INC4001233,Print job stuck in queue,3 - Moderate,Access,Error,Deskside Support,Vertex Print Service,Email,2025-09-09 22:01:08,2025-09-11 01:01:08,2025-09-11 01:01:08,Closed/Resolved by Caller,Resolved: print job stuck in queue addressed by Deskside Support.,Closed,false,0,No,Moderate,3 - Moderate,3,2025-09-09 22:01:08
INC4001234,Report shows stale data,1 - Critical,Software,Outage,Database Team,Orion Data Warehouse,Walk-in,2025-10-12 06:10:15,2025-10-12 17:28:15,2025-10-12 17:28:15,Closed/Resolved by Caller,Resolved: report shows stale data addressed by Database Team.,Closed,true,0,No,Critical,1 - Critical,1,2025-10-12 06:10:15
INC4001236,Cannot scan to email,3 - Moderate,Access,Outage,Deskside Support,Vertex Print Service,Self-service,2025-09-15 14:37:55,2025-09-17 05:25:55,2025-09-17 05:25:55,Closed/Resolved by Caller,Resolved: cannot scan to email addressed by Deskside Support.,Closed,true,0,No,Moderate,3 - Moderate,3,2025-09-15 14:37:55
INC4001238,MFA prompt not received,4 - Low,Software,Request,Identity & Access,Titan Auth Service,Self-service,2025-08-01 15:17:04,2025-08-04 14:11:04,2025-08-04 14:11:04,Closed/Resolved by Caller,Resolved: mfa prompt not received addressed by Identity & Access.,Closed,true,0,Yes,Low,4 - Low,4,2025-08-01 15:17:04
INC4001242,Data not refreshed overnight,4 - Low,Email,Request,Database Team,Orion Data Warehouse,Walk-in,2025-08-28 12:20:23,2025-08-30 16:50:23,2025-08-30 16:50:23,Not Reproducible,Resolved: data not refreshed overnight addressed by Database Team.,Closed,true,1,No,Low,4 - Low,4,2025-08-28 12:20:23
INC4001244,Disk space low on host,4 - Low,Hardware,Configuration,Infrastructure,Atlas Monitoring,Walk-in,2025-10-16 12:38:03,2025-10-18 21:02:03,2025-10-18 21:02:03,Known Error,Resolved: disk space low on host addressed by Infrastructure.,Closed,true,0,Yes,Low,4 - Low,4,2025-10-16 12:38:03
INC4001247,CRM page very slow to load,4 - Low,Access,Request,App Support,Globex CRM,Walk-in,2025-11-21 18:59:41,2025-11-24 09:29:41,2025-11-24 09:29:41,Known Error,Resolved: crm page very slow to load addressed by App Support.,Closed,false,0,No,Low,4 - Low,4,2025-11-21 18:59:41
INC4001251,Report shows stale data,2 - High,Software,Request,Database Team,Orion Data Warehouse,Email,2025-09-12 17:51:41,2025-09-14 14:33:41,2025-09-14 14:33:41,Solved (Work Around),Resolved: report shows stale data addressed by Database Team.,Closed,true,1,No,High,2 - High,2,2025-09-12 17:51:41
INC4001254,HR portal error on submit,4 - Low,Support,Request,App Support,Helios HR Portal,Self-service,2025-07-04 16:51:46,2025-07-07 03:45:46,2025-07-07 03:45:46,Solved (Work Around),Resolved: hr portal error on submit addressed by App Support.,Closed,true,0,No,Low,4 - Low,4,2025-07-04 16:51:46
INC4001256,Payslip not visible,2 - High,Access,Performance,App Support,Helios HR Portal,Chat,2025-08-19 07:17:33,2025-08-20 13:35:33,2025-08-20 13:35:33,Closed/Resolved by Caller,Resolved: payslip not visible addressed by App Support.,Closed,true,0,Yes,High,2 - High,2,2025-08-19 07:17:33
INC4001263,VPN disconnects intermittently,3 - Moderate,Support,Configuration,Network Ops,VPN Gateway,Walk-in,2025-07-13 00:11:22,2025-07-15 03:23:22,2025-07-15 03:23:22,Solved (Permanently),Resolved: vpn disconnects intermittently addressed by Network Ops.,Closed,true,0,No,Moderate,3 - Moderate,3,2025-07-13 00:11:22
INC4001265,Transaction declined in error,4 - Low,Network,Outage,App Support,Acme Payments API,Chat,2025-08-15 15:45:40,2025-08-17 00:51:40,2025-08-17 00:51:40,Known Error,Resolved: transaction declined in error addressed by App Support.,Closed,false,0,No,Low,4 - Low,4,2025-08-15 15:45:40
INC4001270,Cannot send external email,4 - Low,Email,Outage,Cloud Ops,Mailflow Online,Email,2025-09-07 03:52:26,2025-09-08 22:52:26,2025-09-08 22:52:26,Solved (Work Around),Resolved: cannot send external email addressed by Cloud Ops.,Closed,true,0,No,Low,4 - Low,4,2025-09-07 03:52:26
INC4001277,Payment timeout at checkout,2 - High,Hardware,Performance,App Support,Acme Payments API,Phone,2025-09-09 17:47:47,2025-09-10 05:53:47,2025-09-10 05:53:47,Not Reproducible,Resolved: payment timeout at checkout addressed by App Support.,Closed,false,0,No,High,2 - High,2,2025-09-09 17:47:47
INC4001279,MFA prompt not received,2 - High,Network,Configuration,Identity & Access,Titan Auth Service,Email,2025-12-14 19:22:32,2025-12-16 18:10:32,2025-12-16 18:10:32,Not Reproducible,Resolved: mfa prompt not received addressed by Identity & Access.,Closed,false,1,No,High,2 - High,2,2025-12-14 19:22:32
INC4001286,SSO redirect loop,2 - High,Email,Request,Identity & Access,Titan Auth Service,Walk-in,2025-08-16 02:46:41,2025-08-17 12:40:41,2025-08-17 12:40:41,Solved (Permanently),Resolved: sso redirect loop addressed by Identity & Access.,Closed,true,0,Yes,High,2 - High,2,2025-08-16 02:46:41
INC4001287,Disk space low on host,4 - Low,Network,Outage,Infrastructure,Atlas Monitoring,Email,2025-10-20 10:56:53,2025-10-21 08:44:53,2025-10-21 08:44:53,Not Reproducible,Resolved: disk space low on host addressed by Infrastructure.,Closed,true,0,No,Low,4 - Low,4,2025-10-20 10:56:53
INC4001291,VPN very slow after login,4 - Low,Database,Outage,Network Ops,VPN Gateway,Phone,2025-10-03 15:57:12,2025-10-04 09:39:12,2025-10-04 09:39:12,Solved (Permanently),Resolved: vpn very slow after login addressed by Network Ops.,Closed,false,0,No,Low,4 - Low,4,2025-10-03 15:57:12
INC4001296,File sync conflict,2 - High,Support,Performance,Cloud Ops,Nimbus File Storage,Email,2025-09-13 00:59:54,2025-09-15 06:11:54,2025-09-15 06:11:54,Solved (Work Around),Resolved: file sync conflict addressed by Cloud Ops.,Closed,false,0,Yes,High,2 - High,2,2025-09-13 00:59:54
INC4001299,Data not refreshed overnight,3 - Moderate,Software,Request,Database Team,Orion Data Warehouse,Phone,2025-12-02 17:04:52,2025-12-05 05:40:52,2025-12-05 05:40:52,Not Reproducible,Resolved: data not refreshed overnight addressed by Database Team.,Closed,true,0,No,Moderate,3 - Moderate,3,2025-12-02 17:04:52
INC4001306,Cannot send external email,4 - Low,Network,Outage,Cloud Ops,Mailflow Online,Email,2025-09-04 00:24:16,2025-09-06 06:06:16,2025-09-06 06:06:16,Known Error,Resolved: cannot send external email addressed by Cloud Ops.,Closed,true,1,No,Low,4 - Low,4,2025-09-04 00:24:16
INC4001307,SSO redirect loop,2 - High,Access,Performance,Identity & Access,Titan Auth Service,Walk-in,2025-07-10 19:44:57,2025-07-12 17:38:57,2025-07-12 17:38:57,Solved (Permanently),Resolved: sso redirect loop addressed by Identity & Access.,Closed,false,0,No,High,2 - High,2,2025-07-10 19:44:57
INC4001311,Payment gateway returns 500,4 - Low,Email,Request,App Support,Acme Payments API,Phone,2025-12-07 08:46:10,2025-12-07 20:04:10,2025-12-07 20:04:10,Not Reproducible,Resolved: payment gateway returns 500 addressed by App Support.,Closed,true,0,No,Low,4 - Low,4,2025-12-07 08:46:10
INC4001312,Payslip not visible,2 - High,Access,Outage,App Support,Helios HR Portal,Phone,2025-10-24 11:29:45,2025-10-25 00:35:45,2025-10-25 00:35:45,Solved (Work Around),Resolved: payslip not visible addressed by App Support.,Closed,true,1,No,High,2 - High,2,2025-10-24 11:29:45
INC4001316,Cannot connect to VPN,3 - Moderate,Access,Error,Network Ops,VPN Gateway,Self-service,2025-10-21 10:47:42,2025-10-23 08:35:42,2025-10-23 08:35:42,Known Error,Resolved: cannot connect to vpn addressed by Network Ops.,Closed,true,0,No,Moderate,3 - Moderate,3,2025-10-21 10:47:42
INC4001317,Leave request stuck,4 - Low,Database,Performance,App Support,Helios HR Portal,Phone,2025-11-16 12:04:30,2025-11-18 02:34:30,2025-11-18 02:34:30,Not Reproducible,Resolved: leave request stuck addressed by App Support.,Closed,true,0,No,Low,4 - Low,4,2025-11-16 12:04:30
INC4001320,File restore request,4 - Low,Network,Request,Cloud Ops,Nimbus File Storage,Walk-in,2025-10-01 02:39:13,2025-10-02 01:03:13,2025-10-02 01:03:13,Known Error,Resolved: file restore request addressed by Cloud Ops.,Closed,true,1,No,Low,4 - Low,4,2025-10-01 02:39:13
INC4001327,Payslip not visible,4 - Low,Access,Error,App Support,Helios HR Portal,Phone,2025-12-30 07:02:31,2025-12-31 18:32:31,2025-12-31 18:32:31,Solved (Work Around),Resolved: payslip not visible addressed by App Support.,Closed,true,0,No,Low,4 - Low,4,2025-12-30 07:02:31
INC4001334,Service needs restart,1 - Critical,Software,Request,Infrastructure,Atlas Monitoring,Email,2025-10-01 08:21:02,2025-10-01 17:39:02,2025-10-01 17:39:02,Known Error,Resolved: service needs restart addressed by Infrastructure.,Closed,true,0,No,Critical,1 - Critical,1,2025-10-01 08:21:02
INC4001335,Payment gateway returns 500,3 - Moderate,Email,Outage,App Support,Acme Payments API,Chat,2025-07-09 19:50:54,2025-07-10 04:38:54,2025-07-10 04:38:54,Solved (Work Around),Resolved: payment gateway returns 500 addressed by App Support.,Closed,true,0,No,Moderate,3 - Moderate,3,2025-07-09 19:50:54
INC4001340,File sync conflict,4 - Low,Database,Performance,Cloud Ops,Nimbus File Storage,Chat,2025-10-30 02:01:50,2025-11-01 01:55:50,2025-11-01 01:55:50,Solved (Permanently),Resolved: file sync conflict addressed by Cloud Ops.,Closed,true,0,No,Low,4 - Low,4,2025-10-30 02:01:50
INC4001342,Cannot save customer record,4 - Low,Network,Request,App Support,Globex CRM,Email,2025-09-30 02:04:11,2025-10-01 22:04:11,2025-10-01 22:04:11,Solved (Work Around),Resolved: cannot save customer record addressed by App Support.,Closed,true,1,No,Low,4 - Low,4,2025-09-30 02:04:11
INC4001343,MFA prompt not received,2 - High,Support,Configuration,Identity & Access,Titan Auth Service,Chat,2025-08-30 12:00:39,2025-08-30 12:42:39,2025-08-30 12:42:39,Solved (Work Around),Resolved: mfa prompt not received addressed by Identity & Access.,Closed,true,0,No,High,2 - High,2,2025-08-30 12:00:39
INC4001347,ETL job failed,4 - Low,Software,Error,Database Team,Orion Data Warehouse,Phone,2025-10-26 21:55:37,2025-10-28 07:07:37,2025-10-28 07:07:37,Solved (Permanently),Resolved: etl job failed addressed by Database Team.,Closed,true,0,No,Low,4 - Low,4,2025-10-26 21:55:37
INC4001354,File restore request,4 - Low,Hardware,Performance,Cloud Ops,Nimbus File Storage,Email,2025-11-13 03:40:06,2025-11-13 10:58:06,2025-11-13 10:58:06,Not Reproducible,Resolved: file restore request addressed by Cloud Ops.,Closed,false,0,No,Low,4 - Low,4,2025-11-13 03:40:06
INC4001358,HR portal error on submit,3 - Moderate,Network,Request,App Support,Helios HR Portal,Chat,2025-11-27 03:19:23,2025-11-27 16:55:23,2025-11-27 16:55:23,Closed/Resolved by Caller,Resolved: hr portal error on submit addressed by App Support.,Closed,true,0,No,Moderate,3 - Moderate,3,2025-11-27 03:19:23
INC4001363,Payment gateway returns 500,4 - Low,Access,Configuration,App Support,Acme Payments API,Chat,2025-12-27 15:03:06,2025-12-30 03:57:06,2025-12-30 03:57:06,Solved (Work Around),Resolved: payment gateway returns 500 addressed by App Support.,Closed,false,0,Yes,Low,4 - Low,4,2025-12-27 15:03:06
INC4001367,Payment timeout at checkout,1 - Critical,Access,Error,App Support,Acme Payments API,Chat,2025-12-05 20:25:58,2025-12-08 11:49:58,2025-12-08 11:49:58,Closed/Resolved by Caller,Resolved: payment timeout at checkout addressed by App Support.,Closed,true,0,No,Critical,1 - Critical,1,2025-12-05 20:25:58
INC4001372,Leave request stuck,3 - Moderate,Database,Configuration,App Support,Helios HR Portal,Phone,2025-07-03 06:17:09,2025-07-05 20:53:09,2025-07-05 20:53:09,Not Reproducible,Resolved: leave request stuck addressed by App Support.,Closed,true,1,No,Moderate,3 - Moderate,3,2025-07-03 06:17:09
INC4001379,MFA prompt not received,3 - Moderate,Support,Configuration,Identity & Access,Titan Auth Service,Walk-in,2025-09-02 06:31:54,2025-09-04 07:25:54,2025-09-04 07:25:54,Solved (Permanently),Resolved: mfa prompt not received addressed by Identity & Access.,Closed,true,0,Yes,Moderate,3 - Moderate,3,2025-09-02 06:31:54
INC4001382,Account locked out,4 - Low,Hardware,Outage,Identity & Access,Titan Auth Service,Email,2025-12-03 21:25:05,2025-12-06 12:07:05,2025-12-06 12:07:05,Solved (Permanently),Resolved: account locked out addressed by Identity & Access.,Closed,true,1,No,Low,4 - Low,4,2025-12-03 21:25:05
INC4001383,Cannot send external email,2 - High,Support,Request,Cloud Ops,Mailflow Online,Chat,2025-07-15 10:13:26,2025-07-16 18:31:26,2025-07-16 18:31:26,Not Reproducible,Resolved: cannot send external email addressed by Cloud Ops.,Closed,true,1,No,High,2 - High,2,2025-07-15 10:13:26
INC4001390,CRM login failure,3 - Moderate,Software,Configuration,App Support,Globex CRM,Walk-in,2025-09-12 19:54:25,2025-09-12 23:00:25,2025-09-12 23:00:25,Not Reproducible,Resolved: crm login failure addressed by App Support.,Closed,true,1,No,Moderate,3 - Moderate,3,2025-09-12 19:54:25
INC4001395,HR portal error on submit,3 - Moderate,Support,Configuration,App Support,Helios HR Portal,Walk-in,2025-11-29 00:45:57,2025-12-01 11:39:57,2025-12-01 11:39:57,Closed/Resolved by Caller,Resolved: hr portal error on submit addressed by App Support.,Closed,true,1,No,Moderate,3 - Moderate,3,2025-11-29 00:45:57
INC4001402,CRM page very slow to load,4 - Low,Database,Outage,App Support,Globex CRM,Walk-in,2025-11-16 22:55:59,2025-11-17 15:19:59,2025-11-17 15:19:59,Known Error,Resolved: crm page very slow to load addressed by App Support.,Closed,true,0,No,Low,4 - Low,4,2025-11-16 22:55:59
INC4001406,VPN very slow after login,1 - Critical,Software,Outage,Network Ops,VPN Gateway,Walk-in,2025-09-29 02:43:04,2025-10-01 14:01:04,2025-10-01 14:01:04,Solved (Work Around),Resolved: vpn very slow after login addressed by Network Ops.,Closed,true,0,No,Critical,1 - Critical,1,2025-09-29 02:43:04
INC4001407,Cannot send external email,1 - Critical,Support,Request,Cloud Ops,Mailflow Online,Self-service,2025-09-22 15:20:45,2025-09-24 23:44:45,2025-09-24 23:44:45,Known Error,Resolved: cannot send external email addressed by Cloud Ops.,Closed,true,1,No,Critical,1 - Critical,1,2025-09-22 15:20:45
INC4001412,Server high CPU alert,3 - Moderate,Database,Error,Infrastructure,Atlas Monitoring,Walk-in,2025-12-22 23:35:16,2025-12-23 09:41:16,2025-12-23 09:41:16,Closed/Resolved by Caller,Resolved: server high cpu alert addressed by Infrastructure.,Closed,false,0,Yes,Moderate,3 - Moderate,3,2025-12-22 23:35:16
INC4001417,VPN very slow after login,3 - Moderate,Email,Outage,Network Ops,VPN Gateway,Walk-in,2025-11-11 16:19:57,2025-11-12 02:01:57,2025-11-12 02:01:57,Closed/Resolved by Caller,Resolved: vpn very slow after login addressed by Network Ops.,Closed,false,0,No,Moderate,3 - Moderate,3,2025-11-11 16:19:57
INC4001419,File restore request,3 - Moderate,Access,Configuration,Cloud Ops,Nimbus File Storage,Walk-in,2025-12-24 08:06:10,2025-12-27 06:00:10,2025-12-27 06:00:10,Not Reproducible,Resolved: file restore request addressed by Cloud Ops.,Closed,true,0,No,Moderate,3 - Moderate,3,2025-12-24 08:06:10
INC4001421,Mailbox quota exceeded,4 - Low,Database,Performance,Cloud Ops,Mailflow Online,Walk-in,2025-10-23 05:20:38,2025-10-24 02:38:38,2025-10-24 02:38:38,Known Error,Resolved: mailbox quota exceeded addressed by Cloud Ops.,Closed,true,0,No,Low,4 - Low,4,2025-10-23 05:20:38
INC4001425,Cannot scan to email,2 - High,Database,Configuration,Deskside Support,Vertex Print Service,Email,2025-09-26 21:47:04,2025-09-28 15:05:04,2025-09-28 15:05:04,Closed/Resolved by Caller,Resolved: cannot scan to email addressed by Deskside Support.,Closed,true,0,No,High,2 - High,2,2025-09-26 21:47:04
INC4001432,Shared drive inaccessible,4 - Low,Support,Performance,Cloud Ops,Nimbus File Storage,Email,2025-07-27 14:16:29,2025-07-29 14:40:29,2025-07-29 14:40:29,Not Reproducible,Resolved: shared drive inaccessible addressed by Cloud Ops.,Closed,true,0,No,Low,4 - Low,4,2025-07-27 14:16:29
INC4001437,Email not syncing,3 - Moderate,Support,Configuration,Cloud Ops,Mailflow Online,Phone,2025-11-15 21:47:04,2025-11-16 00:35:04,2025-11-16 00:35:04,Known Error,Resolved: email not syncing addressed by Cloud Ops.,Closed,false,0,Yes,Moderate,3 - Moderate,3,2025-11-15 21:47:04
INC4001441,ETL job failed,3 - Moderate,Support,Outage,Database Team,Orion Data Warehouse,Walk-in,2025-11-04 19:22:30,2025-11-04 23:16:30,2025-11-04 23:16:30,Solved (Permanently),Resolved: etl job failed addressed by Database Team.,Closed,true,0,No,Moderate,3 - Moderate,3,2025-11-04 19:22:30
INC4001447,Server high CPU alert,3 - Moderate,Database,Outage,Infrastructure,Atlas Monitoring,Walk-in,2025-12-06 23:59:20,2025-12-09 13:59:20,2025-12-09 13:59:20,Known Error,Resolved: server high cpu alert addressed by Infrastructure.,Closed,true,0,No,Moderate,3 - Moderate,3,2025-12-06 23:59:20
INC4001453,MFA prompt not received,4 - Low,Email,Error,Identity & Access,Titan Auth Service,Chat,2025-08-02 11:15:16,2025-08-04 12:33:16,2025-08-04 12:33:16,Solved (Permanently),Resolved: mfa prompt not received addressed by Identity & Access.,Closed,false,0,Yes,Low,4 - Low,4,2025-08-02 11:15:16
INC4001456,Data not refreshed overnight,4 - Low,Access,Performance,Database Team,Orion Data Warehouse,Self-service,2025-07-24 19:15:07,2025-07-26 13:33:07,2025-07-26 13:33:07,Solved (Work Around),Resolved: data not refreshed overnight addressed by Database Team.,Closed,true,0,Yes,Low,4 - Low,4,2025-07-24 19:15:07
INC4001463,Data not refreshed overnight,4 - Low,Database,Outage,Database Team,Orion Data Warehouse,Walk-in,2025-09-28 18:29:59,2025-09-30 11:53:59,2025-09-30 11:53:59,Solved (Work Around),Resolved: data not refreshed overnight addressed by Database Team.,Closed,true,0,Yes,Low,4 - Low,4,2025-09-28 18:29:59
INC4001465,Cannot connect to VPN,4 - Low,Hardware,Outage,Network Ops,VPN Gateway,Email,2025-09-15 02:46:12,2025-09-16 17:40:12,2025-09-16 17:40:12,Not Reproducible,Resolved: cannot connect to vpn addressed by Network Ops.,Closed,true,0,Yes,Low,4 - Low,4,2025-09-15 02:46:12
INC4001466,Printer offline,2 - High,Database,Outage,Deskside Support,Vertex Print Service,Chat,2025-09-25 21:34:21,2025-09-27 14:10:21,2025-09-27 14:10:21,Solved (Work Around),Resolved: printer offline addressed by Deskside Support.,Closed,true,0,No,High,2 - High,2,2025-09-25 21:34:21
INC4001471,Shared drive inaccessible,3 - Moderate,Database,Outage,Cloud Ops,Nimbus File Storage,Self-service,2025-12-15 14:46:30,2025-12-18 10:52:30,2025-12-18 10:52:30,Known Error,Resolved: shared drive inaccessible addressed by Cloud Ops.,Closed,true,1,No,Moderate,3 - Moderate,3,2025-12-15 14:46:30
INC4001472,Transaction declined in error,4 - Low,Software,Performance,App Support,Acme Payments API,Walk-in,2025-08-24 05:56:16,2025-08-26 05:02:16,2025-08-26 05:02:16,Known Error,Resolved: transaction declined in error addressed by App Support.,Closed,true,0,No,Low,4 - Low,4,2025-08-24 05:56:16
INC4001477,Email not syncing,4 - Low,Support,Request,Cloud Ops,Mailflow Online,Self-service,2025-12-06 06:51:50,2025-12-07 13:39:50,2025-12-07 13:39:50,Solved (Work Around),Resolved: email not syncing addressed by Cloud Ops.,Closed,true,1,No,Low,4 - Low,4,2025-12-06 06:51:50
INC4001478,Transaction declined in error,4 - Low,Email,Performance,App Support,Acme Payments API,Email,2025-07-17 00:23:30,2025-07-17 04:47:30,2025-07-17 04:47:30,Closed/Resolved by Caller,Resolved: transaction declined in error addressed by App Support.,Closed,false,1,No,Low,4 - Low,4,2025-07-17 00:23:30
INC4001479,File sync conflict,4 - Low,Database,Configuration,Cloud Ops,Nimbus File Storage,Self-service,2025-08-27 21:38:50,2025-08-29 01:56:50,2025-08-29 01:56:50,Known Error,Resolved: file sync conflict addressed by Cloud Ops.,Closed,true,0,No,Low,4 - Low,4,2025-08-27 21:38:50
INC4001480,Cannot scan to email,4 - Low,Network,Request,Deskside Support,Vertex Print Service,Chat,2025-07-20 10:08:50,2025-07-22 18:56:50,2025-07-22 18:56:50,Closed/Resolved by Caller,Resolved: cannot scan to email addressed by Deskside Support.,Closed,true,1,No,Low,4 - Low,4,2025-07-20 10:08:50
INC4001486,Print job stuck in queue,3 - Moderate,Hardware,Outage,Deskside Support,Vertex Print Service,Email,2025-08-10 05:39:00,2025-08-12 11:33:00,2025-08-12 11:33:00,Solved (Permanently),Resolved: print job stuck in queue addressed by Deskside Support.,Closed,true,0,No,Moderate,3 - Moderate,3,2025-08-10 05:39:00
INC4001489,Payment timeout at checkout,3 - Moderate,Hardware,Outage,App Support,Acme Payments API,Phone,2025-10-13 19:22:48,2025-10-15 00:04:48,2025-10-15 00:04:48,Closed/Resolved by Caller,Resolved: payment timeout at checkout addressed by App Support.,Closed,true,0,No,Moderate,3 - Moderate,3,2025-10-13 19:22:48
INC4001495,Email not syncing,4 - Low,Support,Configuration,Cloud Ops,Mailflow Online,Self-service,2025-10-21 21:21:30,2025-10-22 15:57:30,2025-10-22 15:57:30,Known Error,Resolved: email not syncing addressed by Cloud Ops.,Closed,false,0,No,Low,4 - Low,4,2025-10-21 21:21:30
INC4001498,CRM page very slow to load,2 - High,Network,Performance,App Support,Globex CRM,Phone,2025-08-15 21:01:12,2025-08-16 11:37:12,2025-08-16 11:37:12,Solved (Permanently),Resolved: crm page very slow to load addressed by App Support.,Closed,true,0,No,High,2 - High,2,2025-08-15 21:01:12
INC4001504,HR portal error on submit,2 - High,Email,Performance,App Support,Helios HR Portal,Walk-in,2025-09-27 21:54:09,2025-09-28 21:54:09,2025-09-28 21:54:09,Known Error,Resolved: hr portal error on submit addressed by App Support.,Closed,true,0,No,High,2 - High,2,2025-09-27 21:54:09
INC4001510,VPN very slow after login,4 - Low,Database,Request,Network Ops,VPN Gateway,Email,2025-07-01 21:13:17,2025-07-02 15:19:17,2025-07-02 15:19:17,Not Reproducible,Resolved: vpn very slow after login addressed by Network Ops.,Closed,true,0,No,Low,4 - Low,4,2025-07-01 21:13:17
INC4001511,SSO redirect loop,3 - Moderate,Hardware,Configuration,Identity & Access,Titan Auth Service,Self-service,2025-09-20 12:00:43,2025-09-22 19:54:43,2025-09-22 19:54:43,Not Reproducible,Resolved: sso redirect loop addressed by Identity & Access.,Closed,true,0,No,Moderate,3 - Moderate,3,2025-09-20 12:00:43
INC4001512,Cannot save customer record,3 - Moderate,Support,Configuration,App Support,Globex CRM,Walk-in,2025-11-11 02:51:07,2025-11-13 19:09:07,2025-11-13 19:09:07,Closed/Resolved by Caller,Resolved: cannot save customer record addressed by App Support.,Closed,true,0,Yes,Moderate,3 - Moderate,3,2025-11-11 02:51:07
INC4001519,Report shows stale data,3 - Moderate,Hardware,Outage,Database Team,Orion Data Warehouse,Chat,2025-10-08 10:55:02,2025-10-11 10:49:02,2025-10-11 10:49:02,Solved (Work Around),Resolved: report shows stale data addressed by Database Team.,Closed,true,0,No,Moderate,3 - Moderate,3,2025-10-08 10:55:02
INC4001525,Printer offline,3 - Moderate,Hardware,Configuration,Deskside Support,Vertex Print Service,Phone,2025-10-02 09:43:46,2025-10-03 14:37:46,2025-10-03 14:37:46,Known Error,Resolved: printer offline addressed by Deskside Support.,Closed,true,1,No,Moderate,3 - Moderate,3,2025-10-02 09:43:46
INC4001531,VPN very slow after login,4 - Low,Access,Outage,Network Ops,VPN Gateway,Self-service,2025-10-12 15:26:27,2025-10-14 08:26:27,2025-10-14 08:26:27,Solved (Work Around),Resolved: vpn very slow after login addressed by Network Ops.,Closed,false,0,No,Low,4 - Low,4,2025-10-12 15:26:27
INC4001538,Report shows stale data,4 - Low,Network,Request,Database Team,Orion Data Warehouse,Chat,2025-09-06 14:33:33,2025-09-06 18:09:33,2025-09-06 18:09:33,Closed/Resolved by Caller,Resolved: report shows stale data addressed by Database Team.,Closed,true,0,No,Low,4 - Low,4,2025-09-06 14:33:33
INC4001541,Cannot save customer record,4 - Low,Email,Configuration,App Support,Globex CRM,Walk-in,2025-11-06 18:48:34,2025-11-08 08:36:34,2025-11-08 08:36:34,Solved (Work Around),Resolved: cannot save customer record addressed by App Support.,Closed,false,1,No,Low,4 - Low,4,2025-11-06 18:48:34
INC4001545,Disk space low on host,3 - Moderate,Hardware,Configuration,Infrastructure,Atlas Monitoring,Chat,2025-10-28 13:27:14,2025-10-31 01:39:14,2025-10-31 01:39:14,Not Reproducible,Resolved: disk space low on host addressed by Infrastructure.,Closed,true,1,No,Moderate,3 - Moderate,3,2025-10-28 13:27:14
INC4001547,Server high CPU alert,3 - Moderate,Software,Configuration,Infrastructure,Atlas Monitoring,Email,2025-07-02 04:58:37,2025-07-04 20:34:37,2025-07-04 20:34:37,Solved (Work Around),Resolved: server high cpu alert addressed by Infrastructure.,Closed,true,0,No,Moderate,3 - Moderate,3,2025-07-02 04:58:37
INC4001551,Payslip not visible,2 - High,Support,Outage,App Support,Helios HR Portal,Self-service,2025-10-19 04:04:22,2025-10-21 14:58:22,2025-10-21 14:58:22,Closed/Resolved by Caller,Resolved: payslip not visible addressed by App Support.,Closed,false,1,No,High,2 - High,2,2025-10-19 04:04:22
INC4001552,Server high CPU alert,4 - Low,Hardware,Configuration,Infrastructure,Atlas Monitoring,Walk-in,2025-07-30 12:11:36,2025-08-02 00:17:36,2025-08-02 00:17:36,Solved (Work Around),Resolved: server high cpu alert addressed by Infrastructure.,Closed,true,0,Yes,Low,4 - Low,4,2025-07-30 12:11:36
INC4001556,VPN very slow after login,4 - Low,Email,Configuration,Network Ops,VPN Gateway,Self-service,2025-07-11 05:33:55,2025-07-12 00:33:55,2025-07-12 00:33:55,Not Reproducible,Resolved: vpn very slow after login addressed by Network Ops.,Closed,true,0,No,Low,4 - Low,4,2025-07-11 05:33:55
INC4001563,Server high CPU alert,4 - Low,Access,Configuration,Infrastructure,Atlas Monitoring,Phone,2025-12-29 16:16:17,2026-01-01 06:46:17,2026-01-01 06:46:17,Known Error,Resolved: server high cpu alert addressed by Infrastructure.,Closed,true,0,No,Low,4 - Low,4,2025-12-29 16:16:17
INC4001567,Payslip not visible,4 - Low,Access,Performance,App Support,Helios HR Portal,Self-service,2025-12-16 18:58:11,2025-12-18 14:10:11,2025-12-18 14:10:11,Solved (Permanently),Resolved: payslip not visible addressed by App Support.,Closed,true,1,No,Low,4 - Low,4,2025-12-16 18:58:11
INC4001568,Service needs restart,2 - High,Support,Configuration,Infrastructure,Atlas Monitoring,Walk-in,2025-07-18 14:56:36,2025-07-20 01:26:36,2025-07-20 01:26:36,Solved (Permanently),Resolved: service needs restart addressed by Infrastructure.,Closed,true,1,No,High,2 - High,2,2025-07-18 14:56:36
INC4001572,Service needs restart,2 - High,Email,Request,Infrastructure,Atlas Monitoring,Email,2025-10-07 16:32:38,2025-10-07 17:08:38,2025-10-07 17:08:38,Solved (Permanently),Resolved: service needs restart addressed by Infrastructure.,Closed,false,0,No,High,2 - High,2,2025-10-07 16:32:38
INC4001573,File sync conflict,1 - Critical,Access,Performance,Cloud Ops,Nimbus File Storage,Email,2025-09-03 03:28:27,2025-09-05 13:28:27,2025-09-05 13:28:27,Closed/Resolved by Caller,Resolved: file sync conflict addressed by Cloud Ops.,Closed,true,0,No,Critical,1 - Critical,1,2025-09-03 03:28:27
INC4001579,Server high CPU alert,4 - Low,Database,Error,Infrastructure,Atlas Monitoring,Walk-in,2025-12-08 10:45:27,2025-12-09 16:27:27,2025-12-09 16:27:27,Known Error,Resolved: server high cpu alert addressed by Infrastructure.,Closed,true,0,No,Low,4 - Low,4,2025-12-08 10:45:27
INC4001581,Email not syncing,4 - Low,Access,Configuration,Cloud Ops,Mailflow Online,Email,2025-11-03 20:40:17,2025-11-04 19:46:17,2025-11-04 19:46:17,Not Reproducible,Resolved: email not syncing addressed by Cloud Ops.,Closed,false,0,Yes,Low,4 - Low,4,2025-11-03 20:40:17
INC4001586,ETL job failed,4 - Low,Support,Configuration,Database Team,Orion Data Warehouse,Chat,2025-12-29 11:58:47,2025-12-30 16:52:47,2025-12-30 16:52:47,Solved (Work Around),Resolved: etl job failed addressed by Database Team.,Closed,true,1,No,Low,4 - Low,4,2025-12-29 11:58:47
INC4001588,Report shows stale data,3 - Moderate,Support,Error,Database Team,Orion Data Warehouse,Phone,2025-10-14 17:02:37,2025-10-17 00:56:37,2025-10-17 00:56:37,Closed/Resolved by Caller,Resolved: report shows stale data addressed by Database Team.,Closed,true,0,No,Moderate,3 - Moderate,3,2025-10-14 17:02:37
INC4001594,Cannot scan to email,3 - Moderate,Database,Error,Deskside Support,Vertex Print Service,Phone,2025-09-12 07:15:48,2025-09-13 07:57:48,2025-09-13 07:57:48,Closed/Resolved by Caller,Resolved: cannot scan to email addressed by Deskside Support.,Closed,true,0,No,Moderate,3 - Moderate,3,2025-09-12 07:15:48
INC4001596,Account locked out,4 - Low,Network,Error,Identity & Access,Titan Auth Service,Walk-in,2025-12-17 10:23:05,2025-12-18 17:59:05,2025-12-18 17:59:05,Solved (Permanently),Resolved: account locked out addressed by Identity & Access.,Closed,false,1,Yes,Low,4 - Low,4,2025-12-17 10:23:05
INC4001602,Printer offline,4 - Low,Access,Request,Deskside Support,Vertex Print Service,Self-service,2025-08-22 10:10:22,2025-08-25 07:34:22,2025-08-25 07:34:22,Solved (Work Around),Resolved: printer offline addressed by Deskside Support.,Closed,true,0,No,Low,4 - Low,4,2025-08-22 10:10:22
INC4001608,Server high CPU alert,2 - High,Software,Outage,Infrastructure,Atlas Monitoring,Phone,2025-10-02 10:19:34,2025-10-04 12:43:34,2025-10-04 12:43:34,Solved (Permanently),Resolved: server high cpu alert addressed by Infrastructure.,Closed,true,0,No,High,2 - High,2,2025-10-02 10:19:34
INC4001613,File restore request,2 - High,Software,Error,Cloud Ops,Nimbus File Storage,Self-service,2025-09-03 14:56:12,2025-09-04 19:44:12,2025-09-04 19:44:12,Known Error,Resolved: file restore request addressed by Cloud Ops.,Closed,true,0,No,High,2 - High,2,2025-09-03 14:56:12
INC4001618,ETL job failed,3 - Moderate,Software,Outage,Database Team,Orion Data Warehouse,Phone,2025-08-11 09:53:23,2025-08-14 07:17:23,2025-08-14 07:17:23,Closed/Resolved by Caller,Resolved: etl job failed addressed by Database Team.,Closed,true,0,Yes,Moderate,3 - Moderate,3,2025-08-11 09:53:23
INC4001623,ETL job failed,3 - Moderate,Support,Configuration,Database Team,Orion Data Warehouse,Email,2025-09-01 05:07:48,2025-09-01 14:01:48,2025-09-01 14:01:48,Closed/Resolved by Caller,Resolved: etl job failed addressed by Database Team.,Closed,false,1,No,Moderate,3 - Moderate,3,2025-09-01 05:07:48
INC4001630,Leave request stuck,3 - Moderate,Software,Request,App Support,Helios HR Portal,Self-service,2025-12-23 21:45:37,2025-12-25 07:03:37,2025-12-25 07:03:37,Not Reproducible,Resolved: leave request stuck addressed by App Support.,Closed,true,1,No,Moderate,3 - Moderate,3,2025-12-23 21:45:37
INC4001635,Mailbox quota exceeded,4 - Low,Software,Outage,Cloud Ops,Mailflow Online,Phone,2025-11-24 10:18:31,2025-11-25 16:18:31,2025-11-25 16:18:31,Not Reproducible,Resolved: mailbox quota exceeded addressed by Cloud Ops.,Closed,true,1,No,Low,4 - Low,4,2025-11-24 10:18:31
INC4001637,CRM page very slow to load,4 - Low,Email,Outage,App Support,Globex CRM,Phone,2025-10-10 11:35:24,2025-10-11 00:53:24,2025-10-11 00:53:24,Solved (Work Around),Resolved: crm page very slow to load addressed by App Support.,Closed,false,0,No,Low,4 - Low,4,2025-10-10 11:35:24
INC4001644,Email not syncing,4 - Low,Email,Outage,Cloud Ops,Mailflow Online,Phone,2025-12-07 17:05:06,2025-12-08 08:23:06,2025-12-08 08:23:06,Solved (Permanently),Resolved: email not syncing addressed by Cloud Ops.,Closed,true,0,No,Low,4 - Low,4,2025-12-07 17:05:06
INC4001647,Disk space low on host,4 - Low,Email,Outage,Infrastructure,Atlas Monitoring,Chat,2025-07-02 05:05:28,2025-07-04 18:53:28,2025-07-04 18:53:28,Known Error,Resolved: disk space low on host addressed by Infrastructure.,Closed,true,1,No,Low,4 - Low,4,2025-07-02 05:05:28
INC4001648,Printer offline,2 - High,Email,Request,Deskside Support,Vertex Print Service,Chat,2025-08-21 06:55:51,2025-08-21 23:19:51,2025-08-21 23:19:51,Known Error,Resolved: printer offline addressed by Deskside Support.,Closed,true,0,No,High,2 - High,2,2025-08-21 06:55:51
INC4001651,Cannot connect to VPN,3 - Moderate,Database,Error,Network Ops,VPN Gateway,Self-service,2025-09-22 16:00:17,2025-09-23 01:06:17,2025-09-23 01:06:17,Solved (Work Around),Resolved: cannot connect to vpn addressed by Network Ops.,Closed,false,0,No,Moderate,3 - Moderate,3,2025-09-22 16:00:17
INC4001653,HR portal error on submit,3 - Moderate,Network,Request,App Support,Helios HR Portal,Walk-in,2025-10-21 03:19:17,2025-10-21 22:25:17,2025-10-21 22:25:17,Not Reproducible,Resolved: hr portal error on submit addressed by App Support.,Closed,true,0,No,Moderate,3 - Moderate,3,2025-10-21 03:19:17
INC4001660,Shared drive inaccessible,4 - Low,Access,Outage,Cloud Ops,Nimbus File Storage,Chat,2025-08-08 12:39:31,2025-08-10 15:15:31,2025-08-10 15:15:31,Solved (Work Around),Resolved: shared drive inaccessible addressed by Cloud Ops.,Closed,true,0,No,Low,4 - Low,4,2025-08-08 12:39:31
INC4001662,Data not refreshed overnight,3 - Moderate,Support,Performance,Database Team,Orion Data Warehouse,Chat,2025-11-25 03:33:09,2025-11-26 19:45:09,2025-11-26 19:45:09,Solved (Permanently),Resolved: data not refreshed overnight addressed by Database Team.,Closed,true,1,No,Moderate,3 - Moderate,3,2025-11-25 03:33:09
INC4001668,VPN very slow after login,3 - Moderate,Network,Request,Network Ops,VPN Gateway,Email,2025-12-30 04:30:26,2026-01-01 17:42:26,2026-01-01 17:42:26,Not Reproducible,Resolved: vpn very slow after login addressed by Network Ops.,Closed,true,1,No,Moderate,3 - Moderate,3,2025-12-30 04:30:26
INC4001669,VPN very slow after login,3 - Moderate,Access,Outage,Network Ops,VPN Gateway,Email,2025-07-11 23:40:47,2025-07-14 10:22:47,2025-07-14 10:22:47,Not Reproducible,Resolved: vpn very slow after login addressed by Network Ops.,Closed,true,0,No,Moderate,3 - Moderate,3,2025-07-11 23:40:47
INC4001671,Transaction declined in error,2 - High,Email,Configuration,App Support,Acme Payments API,Walk-in,2025-09-14 08:27:14,2025-09-15 10:03:14,2025-09-15 10:03:14,Solved (Work Around),Resolved: transaction declined in error addressed by App Support.,Closed,true,0,No,High,2 - High,2,2025-09-14 08:27:14
INC4001676,Print job stuck in queue,4 - Low,Network,Request,Deskside Support,Vertex Print Service,Phone,2025-09-28 05:04:21,2025-09-30 10:16:21,2025-09-30 10:16:21,Solved (Work Around),Resolved: print job stuck in queue addressed by Deskside Support.,Closed,true,1,Yes,Low,4 - Low,4,2025-09-28 05:04:21
INC4001679,Server high CPU alert,4 - Low,Hardware,Outage,Infrastructure,Atlas Monitoring,Email,2025-09-13 01:45:42,2025-09-15 19:09:42,2025-09-15 19:09:42,Not Reproducible,Resolved: server high cpu alert addressed by Infrastructure.,Closed,true,1,No,Low,4 - Low,4,2025-09-13 01:45:42
INC4001684,SSO redirect loop,1 - Critical,Access,Request,Identity & Access,Titan Auth Service,Phone,2025-11-20 22:02:16,2025-11-23 17:38:16,2025-11-23 17:38:16,Solved (Work Around),Resolved: sso redirect loop addressed by Identity & Access.,Closed,true,0,No,Critical,1 - Critical,1,2025-11-20 22:02:16
INC4001686,Data not refreshed overnight,4 - Low,Access,Error,Database Team,Orion Data Warehouse,Self-service,2025-12-20 02:24:02,2025-12-22 05:00:02,2025-12-22 05:00:02,Solved (Permanently),Resolved: data not refreshed overnight addressed by Database Team.,Closed,false,0,No,Low,4 - Low,4,2025-12-20 02:24:02
INC4001691,Shared drive inaccessible,4 - Low,Hardware,Error,Cloud Ops,Nimbus File Storage,Chat,2025-10-04 21:19:56,2025-10-07 21:01:56,2025-10-07 21:01:56,Not Reproducible,Resolved: shared drive inaccessible addressed by Cloud Ops.,Closed,true,0,No,Low,4 - Low,4,2025-10-04 21:19:56
INC4001692,MFA prompt not received,4 - Low,Database,Outage,Identity & Access,Titan Auth Service,Email,2025-10-23 15:30:11,2025-10-24 01:24:11,2025-10-24 01:24:11,Closed/Resolved by Caller,Resolved: mfa prompt not received addressed by Identity & Access.,Closed,false,0,Yes,Low,4 - Low,4,2025-10-23 15:30:11
INC4001697,MFA prompt not received,3 - Moderate,Email,Request,Identity & Access,Titan Auth Service,Walk-in,2025-07-25 17:25:28,2025-07-28 13:43:28,2025-07-28 13:43:28,Closed/Resolved by Caller,Resolved: mfa prompt not received addressed by Identity & Access.,Closed,true,0,No,Moderate,3 - Moderate,3,2025-07-25 17:25:28
INC4001701,Print job stuck in queue,4 - Low,Network,Performance,Deskside Support,Vertex Print Service,Email,2025-08-11 13:32:53,2025-08-11 20:26:53,2025-08-11 20:26:53,Solved (Permanently),Resolved: print job stuck in queue addressed by Deskside Support.,Closed,true,0,No,Low,4 - Low,4,2025-08-11 13:32:53
INC4001704,ETL job failed,3 - Moderate,Software,Request,Database Team,Orion Data Warehouse,Email,2025-09-24 20:43:02,2025-09-24 21:49:02,2025-09-24 21:49:02,Known Error,Resolved: etl job failed addressed by Database Team.,Closed,true,0,Yes,Moderate,3 - Moderate,3,2025-09-24 20:43:02
INC4001706,HR portal error on submit,3 - Moderate,Hardware,Request,App Support,Helios HR Portal,Chat,2025-08-04 12:12:13,2025-08-07 03:48:13,2025-08-07 03:48:13,Solved (Work Around),Resolved: hr portal error on submit addressed by App Support.,Closed,true,0,No,Moderate,3 - Moderate,3,2025-08-04 12:12:13
INC4001712,Mailbox quota exceeded,2 - High,Network,Outage,Cloud Ops,Mailflow Online,Walk-in,2025-10-03 12:57:05,2025-10-05 22:39:05,2025-10-05 22:39:05,Not Reproducible,Resolved: mailbox quota exceeded addressed by Cloud Ops.,Closed,false,0,No,High,2 - High,2,2025-10-03 12:57:05
INC4001716,VPN very slow after login,3 - Moderate,Network,Configuration,Network Ops,VPN Gateway,Chat,2025-07-26 00:03:09,2025-07-26 08:27:09,2025-07-26 08:27:09,Solved (Work Around),Resolved: vpn very slow after login addressed by Network Ops.,Closed,true,0,No,Moderate,3 - Moderate,3,2025-07-26 00:03:09
INC4001719,Payment gateway returns 500,4 - Low,Hardware,Request,App Support,Acme Payments API,Self-service,2025-12-25 10:59:37,2025-12-25 13:05:37,2025-12-25 13:05:37,Solved (Work Around),Resolved: payment gateway returns 500 addressed by App Support.,Closed,true,0,No,Low,4 - Low,4,2025-12-25 10:59:37
INC4001723,Payment gateway returns 500,2 - High,Software,Outage,App Support,Acme Payments API,Phone,2025-10-04 02:24:00,2025-10-04 12:00:00,2025-10-04 12:00:00,Solved (Work Around),Rolled back to previous release.,Closed,false,1,Yes,High,2 - High,2,2025-10-04 00:00:00
INC4001725,Payment gateway returns 500,2 - High,Software,Outage,App Support,Acme Payments API,Phone,2025-10-04 03:36:00,2025-10-04 13:12:00,2025-10-04 13:12:00,Solved (Work Around),Rolled back to previous release.,Closed,false,1,Yes,High,2 - High,2,2025-10-04 01:12:00
INC4001728,Payment gateway returns 500,2 - High,Software,Outage,App Support,Acme Payments API,Phone,2025-10-04 04:48:00,2025-10-04 14:24:00,2025-10-04 14:24:00,Solved (Work Around),Rolled back to previous release.,Closed,false,1,Yes,High,2 - High,2,2025-10-04 02:24:00
INC4001732,Payment gateway returns 500,2 - High,Software,Outage,App Support,Acme Payments API,Phone,2025-10-04 06:00:00,2025-10-04 15:36:00,2025-10-04 15:36:00,Solved (Work Around),Rolled back to previous release.,Closed,false,1,Yes,High,2 - High,2,2025-10-04 03:36:00
INC4001735,Payment gateway returns 500,2 - High,Software,Outage,App Support,Acme Payments API,Phone,2025-10-04 07:12:00,2025-10-04 16:48:00,2025-10-04 16:48:00,Solved (Work Around),Rolled back to previous release.,Closed,false,1,Yes,High,2 - High,2,2025-10-04 04:48:00
INC4001739,Payment gateway returns 500,2 - High,Software,Outage,App Support,Acme Payments API,Phone,2025-10-04 08:24:00,2025-10-04 18:00:00,2025-10-04 18:00:00,Solved (Work Around),Rolled back to previous release.,Closed,false,1,Yes,High,2 - High,2,2025-10-04 06:00:00
INC4001742,Payment gateway returns 500,2 - High,Software,Outage,App Support,Acme Payments API,Phone,2025-10-04 09:36:00,2025-10-04 19:12:00,2025-10-04 19:12:00,Solved (Work Around),Rolled back to previous release.,Closed,false,1,Yes,High,2 - High,2,2025-10-04 07:12:00
INC4001746,Payment gateway returns 500,2 - High,Software,Outage,App Support,Acme Payments API,Phone,2025-10-04 10:48:00,2025-10-04 20:24:00,2025-10-04 20:24:00,Solved (Work Around),Rolled back to previous release.,Closed,false,1,Yes,High,2 - High,2,2025-10-04 08:24:00
INC4001747,Payment gateway returns 500,2 - High,Software,Outage,App Support,Acme Payments API,Phone,2025-10-04 12:00:00,2025-10-04 21:36:00,2025-10-04 21:36:00,Solved (Work Around),Rolled back to previous release.,Closed,false,1,Yes,High,2 - High,2,2025-10-04 09:36:00
INC4001750,Payment gateway returns 500,2 - High,Software,Outage,App Support,Acme Payments API,Phone,2025-10-04 13:12:00,2025-10-04 22:48:00,2025-10-04 22:48:00,Solved (Work Around),Rolled back to previous release.,Closed,false,1,Yes,High,2 - High,2,2025-10-04 10:48:00
INC4001751,Payment gateway returns 500,2 - High,Software,Outage,App Support,Acme Payments API,Phone,2025-10-04 14:24:00,2025-10-05 00:00:00,2025-10-05 00:00:00,Solved (Work Around),Rolled back to previous release.,Closed,false,1,Yes,High,2 - High,2,2025-10-04 12:00:00
INC4001753,Payment gateway returns 500,2 - High,Software,Outage,App Support,Acme Payments API,Phone,2025-10-04 15:36:00,2025-10-05 01:12:00,2025-10-05 01:12:00,Solved (Work Around),Rolled back to previous release.,Closed,false,1,Yes,High,2 - High,2,2025-10-04 13:12:00
INC4001754,Payment gateway returns 500,2 - High,Software,Outage,App Support,Acme Payments API,Phone,2025-10-04 16:48:00,2025-10-05 02:24:00,2025-10-05 02:24:00,Solved (Work Around),Rolled back to previous release.,Closed,false,1,Yes,High,2 - High,2,2025-10-04 14:24:00
INC4001757,Payment gateway returns 500,2 - High,Software,Outage,App Support,Acme Payments API,Phone,2025-10-04 18:00:00,2025-10-05 03:36:00,2025-10-05 03:36:00,Solved (Work Around),Rolled back to previous release.,Closed,false,1,Yes,High,2 - High,2,2025-10-04 15:36:00
